read_id,barcode_id,sample_id,score,status,trimmed_seq,left_barcode_id,right_barcode_id,adapter_penalty,barcode_penalty,primer_penalty,layout_penalty,total_penalty,trim_start,trim_end
2507901449011_1_74_1_0_8676_3_10.00,Unknown,,0.0,NoMatches,,,,0.0,0.0,0.0,0.0,0.0,,
2507901449011_1_106_1_0_9245_3_12.86,None_RB7,,-1,Pass,,,RB7,0,1,0.0,0,1,,
2507901449011_1_108_1_327_5129_1_9.97,Unknown,,0.0,NoValidLayout,,,,0.0,0.0,0.0,0.0,0.0,,
2507901449011_1_143_1_4708_6120_1_10.66,FB5_None,,-1,Pass,,FB5,,0,1,0.0,0,1,,
2507901449011_1_203_1_4086_6756_1_10.04,FB5_None,,0,Pass,,FB5,,0,0,0.0,0,0,,
2507901449011_1_214_1_3265_7385_0_10.30,None_RB4,,0,Pass,,,RB4,0,0,0.0,0,0,,
2507901449011_1_58_1_0_17564_3_12.34,None_RB7,,0,Pass,,,RB7,0,0,0.0,0,0,,
2507901449011_1_61_1_13808_5998_1_11.00,Unknown,,0.0,NoValidLayout,,,,0.0,0.0,0.0,0.0,0.0,,
2507901449011_1_84_1_94_19680_1_12.25,FB7_None,,-2,Pass,,FB7,,0,2,0.0,0,2,,
2507901449011_1_130_1_0_19120_2_14.23,FB7_None,,0,Pass,,FB7,,0,0,0.0,0,0,,
2507901449011_1_136_1_3023_9500_1_13.51,Unknown,,0.0,NoValidLayout,,,,0.0,0.0,0.0,0.0,0.0,,
2507901449011_1_151_1_0_18732_1_14.35,None_RB4,,0,Pass,,,RB4,0,0,0.0,0,0,,
2507901449011_1_175_1_7966_11810_1_9.79,None_RB6,,0,Pass,,,RB6,0,0,0.0,0,0,,
2507901449011_1_184_1_157_19821_1_12.58,FB5_None,,-3,Pass,,FB5,,0,3,0.0,0,3,,
2507901449011_1_189_1_469_19224_1_16.17,FB7_None,,0,Pass,,FB7,,0,0,0.0,0,0,,
2507901449011_1_249_1_0_18799_1_14.94,FB10_None,,-1,Pass,,FB10,,0,1,0.0,0,1,,
2507901449011_1_9_1_3121_17062_0_11.54,Unknown,,0.0,NoValidLayout,,,,0.0,0.0,0.0,0.0,0.0,,
2507901449011_1_12_1_1763_21931_2_12.52,FB2_None,,-1,Pass,,FB2,,0,1,0.0,0,1,,
2507901449011_1_35_1_855_21740_2_13.66,None_RB4,,0,Pass,,,RB4,0,0,0.0,0,0,,
2507901449011_1_36_1_739_20758_0_10.02,FB8_None,,-3,Pass,,FB8,,0,3,0.0,0,3,,
2507901449011_1_45_1_25_23634_2_10.54,Unknown,,0.0,NoValidLayout,,,,0.0,0.0,0.0,0.0,0.0,,
2507901449011_1_53_1_1670_22625_2_13.87,FB1_None,,0,Pass,,FB1,,0,0,0.0,0,0,,
2507901449011_1_55_1_738_21632_1_14.02,FB7_None,,0,Pass,,FB7,,0,0,0.0,0,0,,
2507901449011_1_65_1_0_21933_2_13.82,Unknown,,0.0,NoValidLayout,,,,0.0,0.0,0.0,0.0,0.0,,
2507901449011_1_89_1_1249_20959_1_11.13,FB1_None,,0,Pass,,FB1,,0,0,0.0,0,0,,
2507901449011_1_92_1_604_18500_1_14.63,FB1_None,,0,Pass,,FB1,,0,0,0.0,0,0,,
2507901449011_1_94_2_1610_19660_2_13.53,FB4_None,,-3,Pass,,FB4,,0,3,0.0,0,3,,
2507901449011_1_95_1_151_22808_0_8.88,Unknown,,0.0,NoValidLayout,,,,0.0,0.0,0.0,0.0,0.0,,
2507901449011_1_117_1_905_20549_2_12.80,None_RB5,,0,Pass,,,RB5,0,0,0.0,0,0,,
2507901449011_1_118_1_3831_14000_1_15.41,Unknown,,0.0,NoMatches,,,,0.0,0.0,0.0,0.0,0.0,,
2507901449011_1_119_1_466_21693_1_10.09,Unknown,,0.0,NoValidLayout,,,,0.0,0.0,0.0,0.0,0.0,,
2507901449011_1_154_1_0_20555_1_12.72,FB7_None,,-1,Pass,,FB7,,0,1,0.0,0,1,,
2507901449011_1_156_1_0_21394_1_14.52,FB1_None,,-1,Pass,,FB1,,0,1,0.0,0,1,,
2507901449011_1_159_1_2086_22605_2_12.03,FB1_None,,0,Pass,,FB1,,0,0,0.0,0,0,,
2507901449011_1_166_1_0_23513_2_15.49,FB4_None,,0,Pass,,FB4,,0,0,0.0,0,0,,
2507901449011_1_167_1_2377_22504_2_12.51,FB7_None,,-2,Pass,,FB7,,0,2,0.0,0,2,,
2507901449011_1_186_1_8545_13040_1_15.55,Unknown,,0.0,NoMatches,,,,0.0,0.0,0.0,0.0,0.0,,
2507901449011_1_193_1_0_21493_3_11.67,Unknown,,0.0,NoMatches,,,,0.0,0.0,0.0,0.0,0.0,,
2507901449011_1_194_1_5879_18889_1_12.83,FB10_None,,0,Pass,,FB10,,0,0,0.0,0,0,,
2507901449011_1_198_1_3647_20291_1_11.80,FB1_None,,0,Pass,,FB1,,0,0,0.0,0,0,,
2507901449011_1_205_1_249_20953_1_13.61,None_RB1,,0,Pass,,,RB1,0,0,0.0,0,0,,
2507901449011_1_208_1_1880_20184_0_12.95,None_RB8,,-1,Pass,,,RB8,0,1,0.0,0,1,,
2507901449011_1_210_1_5008_19597_0_14.97,None_RB2,,0,Pass,,,RB2,0,0,0.0,0,0,,
2507901449011_1_215_1_5033_19759_3_15.87,None_RB4,,0,Pass,,,RB4,0,0,0.0,0,0,,
2507901449011_1_231_1_2428_20910_2_15.87,FB7_None,,0,Pass,,FB7,,0,0,0.0,0,0,,
2507901449011_1_239_1_3518_19308_1_15.46,None_RB7,,-2,Pass,,,RB7,0,2,0.0,0,2,,
2507901449011_1_256_1_1195_22741_0_12.39,None_RB1,,0,Pass,,,RB1,0,0,0.0,0,0,,
2507901449011_1_10_1_7448_20617_2_14.10,None_RB1,,0,Pass,,,RB1,0,0,0.0,0,0,,
2507901449011_1_21_2_9163_19808_2_11.93,None_RB6,,0,Pass,,,RB6,0,0,0.0,0,0,,
2507901449011_1_26_1_7240_20830_1_14.57,None_RB6,,0,Pass,,,RB6,0,0,0.0,0,0,,
2507901449011_1_27_1_2952_24697_2_12.06,FB1_None,,0,Pass,,FB1,,0,0,0.0,0,0,,
2507901449011_1_29_1_148_24952_0_11.67,FB7_None,,-1,Pass,,FB7,,0,1,0.0,0,1,,
2507901449011_1_41_2_6915_21997_2_13.86,FB1_None,,0,Pass,,FB1,,0,0,0.0,0,0,,
2507901449011_1_47_1_8005_18241_1_11.96,None_RB6,,0,Pass,,,RB6,0,0,0.0,0,0,,
2507901449011_1_48_1_736_27473_0_8.78,None_RB8,,-2,Pass,,,RB8,0,2,0.0,0,2,,
2507901449011_1_49_2_7012_18500_1_13.95,FB4_None,,0,Pass,,FB4,,0,0,0.0,0,0,,
2507901449011_1_59_1_2363_26123_3_14.28,None_RB7,,0,Pass,,,RB7,0,0,0.0,0,0,,
2507901449011_1_68_1_9160_18150_1_10.43,FB7_None,,0,Pass,,FB7,,0,0,0.0,0,0,,
2507901449011_1_75_1_2888_23000_1_13.18,FB7_None,,0,Pass,,FB7,,0,0,0.0,0,0,,
2507901449011_1_76_2_7514_20472_1_13.77,FB4_None,,0,Pass,,FB4,,0,0,0.0,0,0,,
2507901449011_1_81_2_8721_20687_1_11.40,None_RB8,,0,Pass,,,RB8,0,0,0.0,0,0,,
2507901449011_1_85_1_6387_21650_1_12.60,FB4_None,,0,Pass,,FB4,,0,0,0.0,0,0,,
2507901449011_1_86_1_4720_23220_2_7.07,Unknown,,0.0,NoValidLayout,,,,0.0,0.0,0.0,0.0,0.0,,
2507901449011_1_91_1_4931_20859_1_13.50,None_RB5,,0,Pass,,,RB5,0,0,0.0,0,0,,
2507901449011_1_97_1_3887_21447_2_11.51,None_RB7,,-2,Pass,,,RB7,0,2,0.0,0,2,,
2507901449011_1_104_2_6017_22751_1_9.21,None_RB1,,0,Pass,,,RB1,0,0,0.0,0,0,,
2507901449011_1_107_2_5774_23336_2_8.64,None_RB8,,0,Pass,,,RB8,0,0,0.0,0,0,,
2507901449011_1_113_1_4100_22294_1_15.90,FB4_None,,-2,Pass,,FB4,,0,2,0.0,0,2,,
2507901449011_1_132_2_5468_19791_1_11.37,None_RB2,,0,Pass,,,RB2,0,0,0.0,0,0,,
2507901449011_1_135_1_7692_18926_1_12.58,Unknown,,0.0,NoValidLayout,,,,0.0,0.0,0.0,0.0,0.0,,
2507901449011_1_139_1_1338_27870_2_15.35,FB1_None,,-1,Pass,,FB1,,0,1,0.0,0,1,,
2507901449011_1_141_1_2923_24441_1_10.77,FB7_None,,-2,Pass,,FB7,,0,2,0.0,0,2,,
2507901449011_1_145_3_9139_19372_2_13.71,FB5_None,,0,Pass,,FB5,,0,0,0.0,0,0,,
2507901449011_1_149_1_1445_23637_2_10.40,FB7_None,,0,Pass,,FB7,,0,0,0.0,0,0,,
2507901449011_1_160_1_7869_19328_0_13.49,None_RB7,,-1,Pass,,,RB7,0,1,0.0,0,1,,
2507901449011_1_164_1_4890_22295_1_13.16,None_RB4,,0,Pass,,,RB4,0,0,0.0,0,0,,
2507901449011_1_187_1_7652_21799_1_10.95,FB1_None,,0,Pass,,FB1,,0,0,0.0,0,0,,
2507901449011_1_192_1_3363_26512_1_12.37,FB5_None,,-2,Pass,,FB5,,0,2,0.0,0,2,,
2507901449011_1_201_1_3850_22547_1_13.02,FB10_RB7,,0,Pass,,FB10,RB7,0,0,0.0,0,0,,
2507901449011_1_202_3_17100_9500_1_9.51,FB10_None,,-1,Pass,,FB10,,0,1,0.0,0,1,,
2507901449011_1_216_1_6800_22336_1_13.10,None_RB7,,0,Pass,,,RB7,0,0,0.0,0,0,,
2507901449011_1_219_1_5835_22575_1_15.14,FB1_None,,0,Pass,,FB1,,0,0,0.0,0,0,,
2507901449011_1_220_1_644_26334_1_15.31,None_RB8,,-2,Pass,,,RB8,0,2,0.0,0,2,,
2507901449011_1_225_2_7651_19517_2_15.23,FB4_None,,0,Pass,,FB4,,0,0,0.0,0,0,,
2507901449011_1_234_1_2257_27432_1_9.33,FB5_None,,0,Pass,,FB5,,0,0,0.0,0,0,,
2507901449011_1_235_1_2049_23886_1_9.02,FB4_None,,-2,Pass,,FB4,,0,2,0.0,0,2,,
2507901449011_1_236_1_8636_21285_1_14.16,FB2_None,,0,Pass,,FB2,,0,0,0.0,0,0,,
2507901449011_1_255_1_8729_20724_0_13.57,None_RB6,,0,Pass,,,RB6,0,0,0.0,0,0,,
2507901449011_1_1_1_9131_22925_3_12.15,None_RB8,,-1,Pass,,,RB8,0,1,0.0,0,1,,
2507901449011_1_15_1_8481_24677_2_17.07,FB5_RB4,,0,Pass,,FB5,RB4,0,0,0.0,0,0,,
2507901449011_1_18_1_10198_21130_1_13.68,None_RB6,,-1,Pass,,,RB6,0,1,0.0,0,1,,
2507901449011_1_20_3_26240_6693_1_7.75,Unknown,,0.0,NoValidLayout,,,,0.0,0.0,0.0,0.0,0.0,,
2507901449011_1_25_1_8116_25630_2_12.73,None_RB8,,-1,Pass,,,RB8,0,1,0.0,0,1,,
2507901449011_1_28_2_10632_24153_1_12.05,None_RB6,,0,Pass,,,RB6,0,0,0.0,0,0,,
2507901449011_1_51_1_7179_25856_1_10.22,None_RB4,,-2,Pass,,,RB4,0,2,0.0,0,2,,
2507901449011_1_52_1_12820_20578_0_14.49,None_RB5,,0,Pass,,,RB5,0,0,0.0,0,0,,
2507901449011_1_57_2_14269_20474_1_14.24,None_RB4,,0,Pass,,,RB4,0,0,0.0,0,0,,
2507901449011_1_64_2_10733_23000_0_14.36,None_RB5,,0,Pass,,,RB5,0,0,0.0,0,0,,
2507901449011_1_72_1_5095_25233_1_7.57,Unknown,,0.0,NoValidLayout,,,,0.0,0.0,0.0,0.0,0.0,,
2507901449011_1_88_1_13865_19748_2_15.55,None_RB8,,0,Pass,,,RB8,0,0,0.0,0,0,,
2507901449011_1_93_2_7684_23000_1_13.12,Unknown,,0.0,NoValidLayout,,,,0.0,0.0,0.0,0.0,0.0,,
2507901449011_1_122_1_12540_21307_1_13.97,FB1_None,,0,Pass,,FB1,,0,0,0.0,0,0,,
2507901449011_1_125_1_1239_29863_3_15.02,FB7_None,,0,Pass,,FB7,,0,0,0.0,0,0,,
2507901449011_1_129_1_8271_22124_1_11.51,FB7_None,,0,Pass,,FB7,,0,0,0.0,0,0,,
2507901449011_1_133_1_6271_27702_2_17.00,None_RB8,,0,Pass,,,RB8,0,0,0.0,0,0,,
2507901449011_1_142_1_8621_25383_2_12.58,FB10_None,,-2,Pass,,FB10,,0,2,0.0,0,2,,
2507901449011_1_147_1_10494_20080_3_16.01,FB4_None,,0,Pass,,FB4,,0,0,0.0,0,0,,
2507901449011_1_153_1_6380_26030_1_7.61,FB1_None,,0,Pass,,FB1,,0,0,0.0,0,0,,
2507901449011_1_161_2_19125_12198_1_13.43,None_RB4,,0,Pass,,,RB4,0,0,0.0,0,0,,
2507901449011_1_174_3_9362_22994_1_8.24,FB10_None,,-1,Pass,,FB10,,0,1,0.0,0,1,,
2507901449011_1_178_1_8167_22627_3_13.09,FB7_None,,0,Pass,,FB7,,0,0,0.0,0,0,,
2507901449011_1_185_2_11762_21457_2_9.73,FB4_None,,-3,Pass,,FB4,,0,3,0.0,0,3,,
2507901449011_1_188_2_13083_21318_1_13.74,FB4_RB6,,0,Pass,,FB4,RB6,0,0,0.0,0,0,,
2507901449011_1_199_1_13333_18422_2_14.56,FB1_None,,0,Pass,,FB1,,0,0,0.0,0,0,,
2507901449011_1_203_2_13781_19838_1_13.17,Unknown,,0.0,NoValidLayout,,,,0.0,0.0,0.0,0.0,0.0,,
2507901449011_1_227_1_10175_20124_2_14.99,Unknown,,0.0,NoValidLayout,,,,0.0,0.0,0.0,0.0,0.0,,
2507901449011_1_246_1_5873_28984_2_10.33,FB7_None,,0,Pass,,FB7,,0,0,0.0,0,0,,
2507901449011_1_247_1_9073_21506_2_13.79,None_RB7,,-2,Pass,,,RB7,0,2,0.0,0,2,,
2507901449011_1_253_2_10295_22111_1_14.81,FB7_None,,0,Pass,,FB7,,0,0,0.0,0,0,,
2507901449011_1_19_1_15689_23754_0_14.11,FB2_None,,0,Pass,,FB2,,0,0,0.0,0,0,,
2507901449011_1_22_2_16239_20052_1_12.58,None_RB3,,0,Pass,,,RB3,0,0,0.0,0,0,,
2507901449011_1_32_1_17353_21466_0_11.87,None_RB5,,0,Pass,,,RB5,0,0,0.0,0,0,,
2507901449011_1_37_2_15314_21006_0_14.09,FB7_None,,0,Pass,,FB7,,0,0,0.0,0,0,,
2507901449011_1_40_2_15678_20048_0_13.86,Unknown,,0.0,NoValidLayout,,,,0.0,0.0,0.0,0.0,0.0,,
2507901449011_1_60_1_14847_21404_1_9.58,FB4_None,,-1,Pass,,FB4,,0,1,0.0,0,1,,
2507901449011_1_77_2_18942_19660_1_14.02,None_RB8,,0,Pass,,,RB8,0,0,0.0,0,0,,
2507901449011_1_79_2_28206_7708_3_9.22,FB1_None,,0,Pass,,FB1,,0,0,0.0,0,0,,
2507901449011_1_86_2_28985_8196_2_7.13,Unknown,,0.0,NoValidLayout,,,,0.0,0.0,0.0,0.0,0.0,,
2507901449011_1_98_1_18474_19590_1_13.25,None_RB7,,0,Pass,,,RB7,0,0,0.0,0,0,,
2507901449011_1_120_3_16805_22136_1_16.05,FB1_None,,0,Pass,,FB1,,0,0,0.0,0,0,,
2507901449011_1_126_2_16146_22273_1_11.36,FB4_None,,-1,Pass,,FB4,,0,1,0.0,0,1,,
2507901449011_1_181_1_15577_21530_1_14.52,FB1_None,,0,Pass,,FB1,,0,0,0.0,0,0,,
2507901449011_1_190_1_27324_8968_3_8.82,FB4_None,,-2,Pass,,FB4,,0,2,0.0,0,2,,
2507901449011_1_196_1_10330_25105_1_14.36,FB10_None,,-1,Pass,,FB10,,0,1,0.0,0,1,,
2507901449011_1_226_1_9984_25969_1_16.33,FB4_None,,0,Pass,,FB4,,0,0,0.0,0,0,,
2507901449011_1_238_1_8279_27399_3_8.98,None_RB7,,0,Pass,,,RB7,0,0,0.0,0,0,,
2507901449011_1_255_2_31066_5176_0_12.81,FB4_None,,-2,Pass,,FB4,,0,2,0.0,0,2,,
2507901449011_1_58_2_20371_21995_3_10.95,FB5_RB5,,0,Pass,,FB5,RB5,0,0,0.0,0,0,,
2507901449011_1_67_1_20480_21643_1_11.19,FB2_None,,0,Pass,,FB2,,0,0,0.0,0,0,,
2507901449011_1_83_3_22980_19931_2_12.70,Unknown,,0.0,NoValidLayout,,,,0.0,0.0,0.0,0.0,0.0,,
2507901449011_1_131_2_21612_22347_1_9.98,None_RB4,,-3,Pass,,,RB4,0,3,0.0,0,3,,
2507901449011_1_187_2_34651_7019_1_10.56,FB4_None,,-3,Pass,,FB4,,0,3,0.0,0,3,,
2507901449011_1_200_1_22919_19121_2_11.93,FB2_None,,0,Pass,,FB2,,0,0,0.0,0,0,,
2507901449011_1_208_2_22184_20730_0_13.72,None_RB4,,0,Pass,,,RB4,0,0,0.0,0,0,,
2507901449011_1_211_1_0_44558_2_10.77,FB10_None,,0,Pass,,FB10,,0,0,0.0,0,0,,
2507901449011_1_222_2_20649_20895_1_11.62,FB1_None,,0,Pass,,FB1,,0,0,0.0,0,0,,
2507901449011_1_223_2_14409_27151_2_11.28,Unknown,,0.0,NoValidLayout,,,,0.0,0.0,0.0,0.0,0.0,,
2507901449011_1_244_2_17425_25380_1_15.44,FB5_None,,0,Pass,,FB5,,0,0,0.0,0,0,,
2507901449011_1_245_1_22546_21032_2_15.08,FB5_None,,0,Pass,,FB5,,0,0,0.0,0,0,,
2507901449011_1_249_2_21262_20781_1_14.74,FB5_None,,-1,Pass,,FB5,,0,1,0.0,0,1,,
2507901449011_1_250_1_16339_24390_2_17.57,None_RB3,,0,Pass,,,RB3,0,0,0.0,0,0,,
2507901449011_1_254_2_20638_21738_1_13.89,FB4_None,,0,Pass,,FB4,,0,0,0.0,0,0,,
2507901449011_1_2_2_28389_17510_1_7.70,Unknown,,0.0,NoMatches,,,,0.0,0.0,0.0,0.0,0.0,,
2507901449011_1_13_1_26130_22440_2_12.12,FB10_None,,0,Pass,,FB10,,0,0,0.0,0,0,,
2507901449011_1_27_2_28040_20248_2_13.05,None_RB6,,0,Pass,,,RB6,0,0,0.0,0,0,,
2507901449011_1_41_3_29132_20481_2_15.50,FB7_RB4,,0,Pass,,FB7,RB4,0,0,0.0,0,0,,
2507901449011_1_45_2_25748_21664_2_10.26,FB4_None,,-2,Pass,,FB4,,0,2,0.0,0,2,,
2507901449011_1_74_2_24304_23499_3_8.64,FB7_None,,-3,Pass,,FB7,,0,3,0.0,0,3,,
2507901449011_1_84_2_27937_20247_1_12.77,FB1_None,,0,Pass,,FB1,,0,0,0.0,0,0,,
2507901449011_1_89_2_27467_22415_1_10.29,FB7_None,,-2,Pass,,FB7,,0,2,0.0,0,2,,
2507901449011_1_95_2_25496_21151_0_8.45,Unknown,,0.0,NoValidLayout,,,,0.0,0.0,0.0,0.0,0.0,,
2507901449011_1_105_1_25943_21381_2_14.07,FB4_None,,0,Pass,,FB4,,0,0,0.0,0,0,,
2507901449011_1_106_3_25566_22550_3_15.04,FB7_None,,-1,Pass,,FB7,,0,1,0.0,0,1,,
2507901449011_1_146_2_20430_28272_2_12.92,FB4_None,,0,Pass,,FB4,,0,0,0.0,0,0,,
2507901449011_1_149_2_28829_16224_2_9.01,FB5_None,,-3,Pass,,FB5,,0,3,0.0,0,3,,
2507901449011_1_151_2_27866_20679_1_14.07,None_RB3,,0,Pass,,,RB3,0,0,0.0,0,0,,
2507901449011_1_159_2_27698_22088_2_14.04,FB7_None,,-1,Pass,,FB7,,0,1,0.0,0,1,,
2507901449011_1_164_2_27620_21743_1_15.91,None_RB7,,-3,Pass,,,RB7,0,3,0.0,0,3,,
2507901449011_1_175_2_23821_22638_1_12.46,None_RB6,,0,Pass,,,RB6,0,0,0.0,0,0,,
2507901449011_1_179_2_26600_21172_2_15.64,None_RB1,,0,Pass,,,RB1,0,0,0.0,0,0,,
2507901449011_1_186_4_32571_14208_1_16.48,Unknown,,0.0,NoValidLayout,,,,0.0,0.0,0.0,0.0,0.0,,
2507901449011_1_189_2_27981_19865_1_15.71,FB1_None,,0,Pass,,FB1,,0,0,0.0,0,0,,
2507901449011_1_194_2_26663_18627_1_12.06,None_RB8,,0,Pass,,,RB8,0,0,0.0,0,0,,
2507901449011_1_198_2_24520_21885_1_10.89,None_RB4,,0,Pass,,,RB4,0,0,0.0,0,0,,
2507901449011_1_205_3_28220_19952_1_15.19,None_RB4,,0,Pass,,,RB4,0,0,0.0,0,0,,
2507901449011_1_231_2_25761_23479_2_17.65,FB4_None,,0,Pass,,FB4,,0,0,0.0,0,0,,
2507901449011_1_239_2_29352_20129_1_14.46,FB5_None,,-1,Pass,,FB5,,0,1,0.0,0,1,,
2507901449011_1_35_2_33333_20932_2_13.87,FB2_None,,0,Pass,,FB2,,0,0,0.0,0,0,,
2507901449011_1_43_3_28063_22190_1_13.65,FB5_None,,-1,Pass,,FB5,,0,1,0.0,0,1,,
2507901449011_1_48_2_31306_19038_0_12.15,FB4_None,,0,Pass,,FB4,,0,0,0.0,0,0,,
2507901449011_1_53_2_24834_27295_2_12.18,None_RB6,,-1,Pass,,,RB6,0,1,0.0,0,1,,
2507901449011_1_55_2_24397_27161_1_15.39,FB1_None,,0,Pass,,FB1,,0,0,0.0,0,0,,
2507901449011_1_57_3_43573_9823_1_13.31,FB4_None,,0,Pass,,FB4,,0,0,0.0,0,0,,
2507901449011_1_76_3_32549_22133_1_14.81,None_RB2,,0,Pass,,,RB2,0,0,0.0,0,0,,
2507901449011_1_91_2_28977_23047_1_13.77,FB10_None,,-1,Pass,,FB10,,0,1,0.0,0,1,,
2507901449011_1_92_2_28834_23404_1_15.33,None_RB2,,0,Pass,,,RB2,0,0,0.0,0,0,,
2507901449011_1_94_4_29647_24941_2_13.30,FB7_None,,0,Pass,,FB7,,0,0,0.0,0,0,,
2507901449011_1_97_2_32827_21950_2_12.50,FB5_None,,-3,Pass,,FB5,,0,3,0.0,0,3,,
2507901449011_1_110_3_28980_21596_1_12.09,FB10_None,,-1,Pass,,FB10,,0,1,0.0,0,1,,
2507901449011_1_113_2_29877_22232_1_14.84,None_RB4,,-2,Pass,,,RB4,0,2,0.0,0,2,,
2507901449011_1_118_2_31982_18160_1_15.10,None_RB8,,0,Pass,,,RB8,0,0,0.0,0,0,,
2507901449011_1_130_2_27266_26672_2_15.09,FB7_None,,0,Pass,,FB7,,0,0,0.0,0,0,,
2507901449011_1_165_2_30460_20683_1_15.59,FB2_None,,0,Pass,,FB2,,0,0,0.0,0,0,,
2507901449011_1_166_3_28827_22828_2_14.29,None_RB4,,0,Pass,,,RB4,0,0,0.0,0,0,,
2507901449011_1_184_2_33150_19638_1_13.44,FB7_None,,-2,Pass,,FB7,,0,2,0.0,0,2,,
2507901449011_1_186_5_46801_5326_1_16.14,None_RB8,,-1,Pass,,,RB8,0,1,0.0,0,1,,
2507901449011_1_199_2_33523_20132_2_15.18,FB1_None,,0,Pass,,FB1,,0,0,0.0,0,0,,
2507901449011_1_203_3_48043_5141_1_11.57,FB7_None,,0,Pass,,FB7,,0,0,0.0,0,0,,
2507901449011_1_214_3_29097_22202_0_13.14,FB10_None,,0,Pass,,FB10,,0,0,0.0,0,0,,
2507901449011_1_220_2_37541_16568_1_11.37,FB4_None,,0,Pass,,FB4,,0,0,0.0,0,0,,
2507901449011_1_228_1_24847_27500_1_11.12,None_RB8,,0,Pass,,,RB8,0,0,0.0,0,0,,
2507901449011_1_21_4_38024_21477_2_11.67,None_RB4,,0,Pass,,,RB4,0,0,0.0,0,0,,
2507901449011_1_28_3_37868_21589_1_11.60,None_RB1,,0,Pass,,,RB1,0,0,0.0,0,0,,
2507901449011_1_61_4_32017_24974_1_12.94,None_RB8,,-1,Pass,,,RB8,0,1,0.0,0,1,,
2507901449011_1_65_3_37573_21590_2_15.93,None_RB6,,0,Pass,,,RB6,0,0,0.0,0,0,,
2507901449011_1_82_3_36757_21563_1_14.83,FB1_None,,0,Pass,,FB1,,0,0,0.0,0,0,,
2507901449011_1_102_1_5961_51828_1_9.86,None_RB2,,-3,Pass,,,RB2,0,3,0.0,0,3,,
2507901449011_1_104_3_34419_23354_1_10.02,None_RB7,,-3,Pass,,,RB7,0,3,0.0,0,3,,
2507901449011_1_107_3_32607_23320_2_8.78,None_RB4,,-3,Pass,,,RB4,0,3,0.0,0,3,,
2507901449011_1_122_2_35481_21672_1_14.40,None_RB6,,0,Pass,,,RB6,0,0,0.0,0,0,,
2507901449011_1_125_2_33444_23101_3_14.14,None_RB4,,0,Pass,,,RB4,0,0,0.0,0,0,,
2507901449011_1_133_2_37825_21255_2_16.15,None_RB2,,0,Pass,,,RB2,0,0,0.0,0,0,,
2507901449011_1_143_4_38535_19669_1_11.90,None_RB4,,-1,Pass,,,RB4,0,1,0.0,0,1,,
2507901449011_1_145_4_33532_21517_2_14.58,Unknown,,0.0,NoValidLayout,,,,0.0,0.0,0.0,0.0,0.0,,
2507901449011_1_149_3_47567_8412_2_10.16,FB4_None,,-1,Pass,,FB4,,0,1,0.0,0,1,,
2507901449011_1_178_2_31723_23882_3_10.47,Unknown,,0.0,NoValidLayout,,,,0.0,0.0,0.0,0.0,0.0,,
2507901449011_1_196_2_36940_22310_1_14.47,None_RB6,,-1,Pass,,,RB6,0,1,0.0,0,1,,
2507901449011_1_209_2_37579_20581_3_14.59,None_RB5,,0,Pass,,,RB5,0,0,0.0,0,0,,
2507901449011_1_216_2_34200_20835_1_14.92,None_RB8,,0,Pass,,,RB8,0,0,0.0,0,0,,
2507901449011_1_219_2_35262_22568_1_14.34,FB1_None,,0,Pass,,FB1,,0,0,0.0,0,0,,
2507901449011_1_226_2_36451_23373_1_12.96,None_RB8,,0,Pass,,,RB8,0,0,0.0,0,0,,
2507901449011_1_227_2_33147_24232_2_14.62,FB5_None,,0,Pass,,FB5,,0,0,0.0,0,0,,
2507901449011_1_242_2_38042_18500_3_16.77,Unknown,,0.0,NoValidLayout,,,,0.0,0.0,0.0,0.0,0.0,,
2507901449011_1_250_3_46589_10308_2_10.94,FB10_None,,-1,Pass,,FB10,,0,1,0.0,0,1,,
2507901449011_1_18_2_40465_20265_1_13.30,None_RB2,,-2,Pass,,,RB2,0,2,0.0,0,2,,
2507901449011_1_25_2_36668_25482_2_14.23,None_RB2,,0,Pass,,,RB2,0,0,0.0,0,0,,
2507901449011_1_51_2_39509_21588_1_11.17,FB7_None,,0,Pass,,FB7,,0,0,0.0,0,0,,
2507901449011_1_64_3_38213_22250_0_13.46,FB10_None,,0,Pass,,FB10,,0,0,0.0,0,0,,
2507901449011_1_69_3_41893_18500_1_11.02,None_RB7,,-3,Pass,,,RB7,0,3,0.0,0,3,,
2507901449011_1_72_2_32411_27728_1_7.60,FB1_None,,-3,Pass,,FB1,,0,3,0.0,0,3,,
2507901449011_1_85_2_38235_22068_1_13.32,FB4_RB4,,0,Pass,,FB4,RB4,0,0,0.0,0,0,,
2507901449011_1_86_3_38304_22966_2_7.38,Unknown,,0.0,NoMatches,,,,0.0,0.0,0.0,0.0,0.0,,
2507901449011_1_88_2_40436_23284_2_15.12,FB4_None,,-1,Pass,,FB4,,0,1,0.0,0,1,,
2507901449011_1_89_3_54048_7180_1_10.68,Unknown,,0.0,NoValidLayout,,,,0.0,0.0,0.0,0.0,0.0,,
2507901449011_1_108_3_49124_14272_1_14.73,FB2_None,,0,Pass,,FB2,,0,0,0.0,0,0,,
2507901449011_1_124_3_42635_21486_1_10.62,Unknown,,0.0,NoMatches,,,,0.0,0.0,0.0,0.0,0.0,,
2507901449011_1_132_4_46128_17559_1_10.91,None_RB7,,0,Pass,,,RB7,0,0,0.0,0,0,,
2507901449011_1_139_3_40963_22980_2_12.45,FB7_None,,0,Pass,,FB7,,0,0,0.0,0,0,,
2507901449011_1_150_5_56444_7655_1_11.39,FB4_None,,0,Pass,,FB4,,0,0,0.0,0,0,,
2507901449011_1_160_2_38936_21526_0_13.91,FB4_None,,0,Pass,,FB4,,0,0,0.0,0,0,,
2507901449011_1_168_4_42002_20980_1_10.26,None_RB2,,0,Pass,,,RB2,0,0,0.0,0,0,,
2507901449011_1_183_2_37646_24905_1_12.98,None_RB7,,-1,Pass,,,RB7,0,1,0.0,0,1,,
2507901449011_1_188_3_41267_20052_1_14.59,FB4_None,,0,Pass,,FB4,,0,0,0.0,0,0,,
2507901449011_1_201_2_40386_23140_1_12.07,None_RB7,,-1,Pass,,,RB7,0,1,0.0,0,1,,
2507901449011_1_233_1_42120_22218_1_12.71,Unknown,,0.0,NoMatches,,,,0.0,0.0,0.0,0.0,0.0,,
2507901449011_1_238_2_40408_24060_3_9.64,Unknown,,0.0,NoValidLayout,,,,0.0,0.0,0.0,0.0,0.0,,
2507901449011_1_246_2_43763_18500_2_14.96,None_RB3,,-1,Pass,,,RB3,0,1,0.0,0,1,,
2507901449011_1_249_3_42153_20976_1_15.14,None_RB7,,-2,Pass,,,RB7,0,2,0.0,0,2,,
2507901449011_1_252_3_43931_18500_1_11.20,Unknown,,0.0,NoMatches,,,,0.0,0.0,0.0,0.0,0.0,,
2507901449011_1_12_3_46168_23786_2_9.09,Unknown,,0.0,NoMatches,,,,0.0,0.0,0.0,0.0,0.0,,
2507901449011_1_19_2_45438_22624_0_13.18,None_RB2,,0,Pass,,,RB2,0,0,0.0,0,0,,
2507901449011_1_22_4_58419_7744_1_9.20,Unknown,,0.0,NoMatches,,,,0.0,0.0,0.0,0.0,0.0,,
2507901449011_1_32_2_43511_21805_0_11.09,FB2_None,,-3,Pass,,FB2,,0,3,0.0,0,3,,
2507901449011_1_37_4_46216_20980_0_11.14,FB1_None,,0,Pass,,FB1,,0,0,0.0,0,0,,
2507901449011_1_52_2_45072_20699_0_13.76,None_RB8,,-1,Pass,,,RB8,0,1,0.0,0,1,,
2507901449011_1_83_4_48180_21248_2_13.92,FB5_None,,-1,Pass,,FB5,,0,1,0.0,0,1,,
2507901449011_1_98_2_47975_20324_1_15.21,FB5_None,,0,Pass,,FB5,,0,0,0.0,0,0,,
2507901449011_1_116_2_19735_49864_2_8.31,None_RB7,,-3,Pass,,,RB7,0,3,0.0,0,3,,
2507901449011_1_135_2_48479_18165_1_12.23,None_RB8,,-1,Pass,,,RB8,0,1,0.0,0,1,,
2507901449011_1_138_3_47773_22078_0_14.46,FB7_None,,0,Pass,,FB7,,0,0,0.0,0,0,,
2507901449011_1_148_2_48311_21344_2_15.08,None_RB1,,0,Pass,,,RB1,0,0,0.0,0,0,,
2507901449011_1_155_3_43127_23515_2_15.29,None_RB6,,0,Pass,,,RB6,0,0,0.0,0,0,,
2507901449011_1_156_4_42406_27088_1_16.52,None_RB2,,0,Pass,,,RB2,0,0,0.0,0,0,,
2507901449011_1_189_3_48565_18507_1_16.21,FB10_None,,-3,Pass,,FB10,,0,3,0.0,0,3,,
2507901449011_1_193_3_46860_20778_3_10.32,None_RB3,,-1,Pass,,,RB3,0,1,0.0,0,1,,
2507901449011_1_204_2_47023_19201_1_12.12,FB5_None,,-2,Pass,,FB5,,0,2,0.0,0,2,,
2507901449011_1_210_3_45128_22317_0_13.81,None_RB1,,0,Pass,,,RB1,0,0,0.0,0,0,,
2507901449011_1_211_2_44984_24873_2_14.81,FB5_None,,0,Pass,,FB5,,0,0,0.0,0,0,,
2507901449011_1_218_2_41018_24203_0_18.04,None_RB1,,0,Pass,,,RB1,0,0,0.0,0,0,,
2507901449011_1_223_3_43746_22396_2_15.13,FB10_None,,0,Pass,,FB10,,0,0,0.0,0,0,,
2507901449011_1_244_4_48607_21306_1_16.54,None_RB1,,0,Pass,,,RB1,0,0,0.0,0,0,,
2507901449011_1_1_3_50956_22769_3_12.05,FB10_None,,0,Pass,,FB10,,0,0,0.0,0,0,,
2507901449011_1_26_2_49378_20878_1_15.18,FB1_None,,0,Pass,,FB1,,0,0,0.0,0,0,,
2507901449011_1_58_4_53461_21262_3_12.59,None_RB4,,0,Pass,,,RB4,0,0,0.0,0,0,,
2507901449011_1_71_3_48959_24022_3_11.59,FB4_RB4,,0,Pass,,FB4,RB4,0,0,0.0,0,0,,
2507901449011_1_99_3_52533_20635_1_15.07,FB10_None,,0,Pass,,FB10,,0,0,0.0,0,0,,
2507901449011_1_119_3_49267_23973_1_10.18,None_RB8,,-1,Pass,,,RB8,0,1,0.0,0,1,,
2507901449011_1_151_3_49704_21039_1_14.91,FB5_None,,0,Pass,,FB5,,0,0,0.0,0,0,,
2507901449011_1_163_2_52139_20978_3_15.76,FB10_None,,0,Pass,,FB10,,0,0,0.0,0,0,,
2507901449011_1_166_4_53553_19966_2_13.66,FB1_None,,0,Pass,,FB1,,0,0,0.0,0,0,,
2507901449011_1_177_2_48611_23560_2_12.57,FB5_RB8,,0,Pass,,FB5,RB8,0,0,0.0,0,0,,
2507901449011_1_186_6_57786_16814_1_12.57,None_RB8,,0,Pass,,,RB8,0,0,0.0,0,0,,
2507901449011_1_187_3_52697_22247_1_12.92,FB5_None,,0,Pass,,FB5,,0,0,0.0,0,0,,
2507901449011_1_192_2_46001_24643_1_11.76,None_RB8,,-1,Pass,,,RB8,0,1,0.0,0,1,,
2507901449011_1_214_4_52594_21074_0_14.30,Unknown,,0.0,NoValidLayout,,,,0.0,0.0,0.0,0.0,0.0,,
2507901449011_1_216_3_55500_19115_1_15.03,None_RB6,,0,Pass,,,RB6,0,0,0.0,0,0,,
2507901449011_1_229_3_57753_16009_1_10.26,None_RB2,,0,Pass,,,RB2,0,0,0.0,0,0,,
2507901449011_1_231_3_51554_20769_2_15.37,FB7_RB4,,0,Pass,,FB7,RB4,0,0,0.0,0,0,,
2507901449011_1_232_2_51277_22568_1_14.98,None_RB6,,0,Pass,,,RB6,0,0,0.0,0,0,,
2507901449011_1_254_3_51041_20208_1_13.68,None_RB8,,0,Pass,,,RB8,0,0,0.0,0,0,,
2507901449011_1_9_3_45164_30463_0_8.73,FB5_None,,0,Pass,,FB5,,0,0,0.0,0,0,,
2507901449011_1_12_4_73732_5553_2_9.38,FB1_None,,0,Pass,,FB1,,0,0,0.0,0,0,,
2507901449011_1_43_4_53804_21556_1_12.44,None_RB8,,0,Pass,,,RB8,0,0,0.0,0,0,,
2507901449011_1_45_3_56501_21017_2_11.41,None_RB7,,0,Pass,,,RB7,0,0,0.0,0,0,,
2507901449011_1_50_3_47649_27525_0_10.66,FB7_None,,0,Pass,,FB7,,0,0,0.0,0,0,,
2507901449011_1_55_3_52383_25845_1_13.98,FB10_None,,0,Pass,,FB10,,0,0,0.0,0,0,,
2507901449011_1_68_4_53560_21585_1_13.91,FB7_None,,0,Pass,,FB7,,0,0,0.0,0,0,,
2507901449011_1_91_3_54927_20267_1_14.65,FB4_None,,0,Pass,,FB4,,0,0,0.0,0,0,,
2507901449011_1_122_3_57665_20578_1_13.91,FB1_None,,0,Pass,,FB1,,0,0,0.0,0,0,,
2507901449011_1_142_4_55056_23045_2_11.31,None_RB2,,0,Pass,,,RB2,0,0,0.0,0,0,,
2507901449011_1_154_4_58702_20618_1_11.89,FB5_None,,0,Pass,,FB5,,0,0,0.0,0,0,,
2507901449011_1_164_3_60075_18840_1_15.32,None_RB3,,0,Pass,,,RB3,0,0,0.0,0,0,,
2507901449011_1_171_5_56708_20721_1_12.46,FB5_None,,0,Pass,,FB5,,0,0,0.0,0,0,,
2507901449011_1_175_3_52699_23680_1_11.22,FB10_None,,-3,Pass,,FB10,,0,3,0.0,0,3,,
2507901449011_1_181_2_53403_22746_1_12.32,None_RB7,,-2,Pass,,,RB7,0,2,0.0,0,2,,
2507901449011_1_200_2_58742_18500_2_13.37,None_RB7,,-1,Pass,,,RB7,0,1,0.0,0,1,,
2507901449011_1_206_2_36644_40374_1_11.90,None_RB5,,-3,Pass,,,RB5,0,3,0.0,0,3,,
2507901449011_1_208_4_55582_21898_0_13.61,None_RB1,,0,Pass,,,RB1,0,0,0.0,0,0,,
2507901449011_1_222_3_56669_19402_1_14.01,FB1_None,,0,Pass,,FB1,,0,0,0.0,0,0,,
2507901449011_1_247_3_56647_22950_2_15.30,FB4_None,,0,Pass,,FB4,,0,0,0.0,0,0,,
2507901449011_1_13_3_59051_22444_2_10.87,None_RB1,,0,Pass,,,RB1,0,0,0.0,0,0,,
2507901449011_1_37_5_67403_15741_0_11.92,FB1_None,,-2,Pass,,FB1,,0,2,0.0,0,2,,
2507901449011_1_40_4_59187_23764_0_11.97,Unknown,,0.0,NoValidLayout,,,,0.0,0.0,0.0,0.0,0.0,,
2507901449011_1_47_4_76004_8956_1_7.66,FB5_None,,-2,Pass,,FB5,,0,2,0.0,0,2,,
2507901449011_1_49_3_59667_22293_1_12.98,None_RB4,,-1,Pass,,,RB4,0,1,0.0,0,1,,
2507901449011_1_65_4_59657_21433_2_14.47,FB5_RB4,,0,Pass,,FB5,RB4,0,0,0.0,0,0,,
2507901449011_1_81_3_32828_50214_1_8.13,None_RB1,,-3,Pass,,,RB1,0,3,0.0,0,3,,
2507901449011_1_84_5_63066_18965_1_11.66,None_RB1,,-1,Pass,,,RB1,0,1,0.0,0,1,,
2507901449011_1_95_3_61173_22231_0_9.06,Unknown,,0.0,NoValidLayout,,,,0.0,0.0,0.0,0.0,0.0,,
2507901449011_1_108_4_70626_13829_1_11.22,FB4_None,,0,Pass,,FB4,,0,0,0.0,0,0,,
2507901449011_1_114_4_60001_22611_1_14.91,None_RB1,,0,Pass,,,RB1,0,0,0.0,0,0,,
2507901449011_1_117_3_61937_19092_2_13.28,None_RB5,,-2,Pass,,,RB5,0,2,0.0,0,2,,
2507901449011_1_123_4_42293_40831_1_15.82,None_RB6,,0,Pass,,,RB6,0,0,0.0,0,0,,
2507901449011_1_126_4_60942_20044_1_12.40,FB4_None,,0,Pass,,FB4,,0,0,0.0,0,0,,
2507901449011_1_129_3_61444_20934_1_10.87,FB10_None,,0,Pass,,FB10,,0,0,0.0,0,0,,
2507901449011_1_131_3_62373_21452_1_11.39,FB1_None,,0,Pass,,FB1,,0,0,0.0,0,0,,
2507901449011_1_141_6_56529_23772_1_10.43,None_RB4,,-3,Pass,,,RB4,0,3,0.0,0,3,,
2507901449011_1_143_5_60925_21779_1_11.05,FB1_None,,0,Pass,,FB1,,0,0,0.0,0,0,,
2507901449011_1_146_4_61992_22816_2_15.02,None_RB1,,0,Pass,,,RB1,0,0,0.0,0,0,,
2507901449011_1_157_4_56914_25852_3_10.70,None_RB8,,-2,Pass,,,RB8,0,2,0.0,0,2,,
2507901449011_1_173_3_60307_23666_3_11.80,None_RB8,,-2,Pass,,,RB8,0,2,0.0,0,2,,
2507901449011_1_184_3_62062_21866_1_12.47,FB2_None,,-3,Pass,,FB2,,0,3,0.0,0,3,,
2507901449011_1_196_3_60262_22089_1_14.11,FB7_None,,0,Pass,,FB7,,0,0,0.0,0,0,,
2507901449011_1_198_3_63106_20214_1_12.12,FB5_None,,0,Pass,,FB5,,0,0,0.0,0,0,,
2507901449011_1_205_4_63256_20440_1_11.88,FB4_None,,0,Pass,,FB4,,0,0,0.0,0,0,,
2507901449011_1_211_3_70164_11275_2_12.21,FB1_None,,0,Pass,,FB1,,0,0,0.0,0,0,,
2507901449011_1_226_3_61104_21146_1_15.46,None_RB7,,0,Pass,,,RB7,0,0,0.0,0,0,,
2507901449011_1_228_3_64260_19588_1_13.02,None_RB7,,-1,Pass,,,RB7,0,1,0.0,0,1,,
2507901449011_1_250_4_61844_18987_2_17.90,None_RB2,,0,Pass,,,RB2,0,0,0.0,0,0,,
2507901449011_1_2_3_68537_19110_1_7.24,Unknown,,0.0,NoValidLayout,,,,0.0,0.0,0.0,0.0,0.0,,
2507901449011_1_22_5_66940_20171_1_14.02,FB10_None,,0,Pass,,FB10,,0,0,0.0,0,0,,
2507901449011_1_28_5_67832_18500_1_12.41,None_RB1,,0,Pass,,,RB1,0,0,0.0,0,0,,
2507901449011_1_34_2_65590_20195_1_12.97,FB1_None,,0,Pass,,FB1,,0,0,0.0,0,0,,
2507901449011_1_63_2_63379_23869_2_12.16,None_RB5,,0,Pass,,,RB5,0,0,0.0,0,0,,
2507901449011_1_64_4_81262_6777_0_12.14,FB4_None,,-2,Pass,,FB4,,0,2,0.0,0,2,,
2507901449011_1_74_4_65775_21662_3_10.12,FB7_None,,-2,Pass,,FB7,,0,2,0.0,0,2,,
2507901449011_1_77_3_48135_39919_1_13.58,FB10_None,,0,Pass,,FB10,,0,0,0.0,0,0,,
2507901449011_1_82_4_65068_20618_1_15.64,FB7_None,,0,Pass,,FB7,,0,0,0.0,0,0,,
2507901449011_1_94_5_58135_28294_2_12.31,FB4_None,,0,Pass,,FB4,,0,0,0.0,0,0,,
2507901449011_1_98_3_68346_19619_1_14.95,None_RB8,,0,Pass,,,RB8,0,0,0.0,0,0,,
2507901449011_1_101_5_66857_20598_3_15.50,FB5_None,,0,Pass,,FB5,,0,0,0.0,0,0,,
2507901449011_1_103_3_67927_21438_1_7.88,FB7_None,,0,Pass,,FB7,,0,0,0.0,0,0,,
2507901449011_1_125_3_66283_23646_3_12.73,FB4_None,,0,Pass,,FB4,,0,0,0.0,0,0,,
2507901449011_1_150_6_67645_21104_1_13.32,FB1_None,,0,Pass,,FB1,,0,0,0.0,0,0,,
2507901449011_1_160_3_64224_21168_0_13.78,None_RB7,,-2,Pass,,,RB7,0,2,0.0,0,2,,
2507901449011_1_174_7_65390_21645_1_8.64,Unknown,,0.0,NoValidLayout,,,,0.0,0.0,0.0,0.0,0.0,,
2507901449011_1_178_3_63079_22279_3_13.22,FB10_None,,0,Pass,,FB10,,0,0,0.0,0,0,,
2507901449011_1_186_7_79108_7318_1_17.10,None_RB2,,0,Pass,,,RB2,0,0,0.0,0,0,,
2507901449011_1_188_4_68748_20382_1_13.48,FB2_None,,0,Pass,,FB2,,0,0,0.0,0,0,,
2507901449011_1_202_4_78111_7709_1_8.03,FB4_None,,0,Pass,,FB4,,0,0,0.0,0,0,,
2507901449011_1_227_3_63930_21670_2_14.03,FB10_None,,-1,Pass,,FB10,,0,1,0.0,0,1,,
2507901449011_1_235_7_82258_6245_1_11.17,Unknown,,0.0,NoMatches,,,,0.0,0.0,0.0,0.0,0.0,,
2507901449011_1_236_2_70170_19677_1_16.04,FB1_None,,0,Pass,,FB1,,0,0,0.0,0,0,,
2507901449011_1_242_3_69513_19296_3_14.46,None_RB8,,0,Pass,,,RB8,0,0,0.0,0,0,,
2507901449011_1_243_2_60405_24873_1_14.05,FB7_None,,-1,Pass,,FB7,,0,1,0.0,0,1,,
2507901449011_1_245_3_66826_22112_2_14.31,None_RB4,,0,Pass,,,RB4,0,0,0.0,0,0,,
2507901449011_1_247_4_79754_6008_2_10.13,FB1_None,,-1,Pass,,FB1,,0,1,0.0,0,1,,
2507901449011_1_252_4_67048_19030_1_12.29,FB7_None,,-1,Pass,,FB7,,0,1,0.0,0,1,,
2507901449011_1_25_3_63619_26943_2_12.78,FB1_None,,0,Pass,,FB1,,0,0,0.0,0,0,,
2507901449011_1_36_3_71447_21069_0_10.48,Unknown,,0.0,NoMatches,,,,0.0,0.0,0.0,0.0,0.0,,
2507901449011_1_52_4_71623_21394_0_14.91,FB10_None,,0,Pass,,FB10,,0,0,0.0,0,0,,
2507901449011_1_80_2_73407_20546_0_14.04,FB5_None,,0,Pass,,FB5,,0,0,0.0,0,0,,
2507901449011_1_83_5_69571_24229_2_15.46,None_RB1,,0,Pass,,,RB1,0,0,0.0,0,0,,
2507901449011_1_85_3_63561_28504_1_12.11,FB4_None,,0,Pass,,FB4,,0,0,0.0,0,0,,
2507901449011_1_89_4_69275_22391_1_11.83,FB10_None,,-1,Pass,,FB10,,0,1,0.0,0,1,,
2507901449011_1_97_4_69354_22071_2_12.80,FB4_None,,-2,Pass,,FB4,,0,2,0.0,0,2,,
2507901449011_1_139_4_71944_19185_2_14.95,FB1_None,,0,Pass,,FB1,,0,0,0.0,0,0,,
2507901449011_1_148_4_72131_21170_2_14.87,FB7_None,,0,Pass,,FB7,,0,0,0.0,0,0,,
2507901449011_1_167_3_69411_24595_2_13.04,None_RB3,,-2,Pass,,,RB3,0,2,0.0,0,2,,
2507901449011_1_186_8_86448_7787_1_19.78,Unknown,,0.0,NoMatches,,,,0.0,0.0,0.0,0.0,0.0,,
2507901449011_1_197_6_70773_22979_0_13.62,None_RB4,,0,Pass,,,RB4,0,0,0.0,0,0,,
2507901449011_1_201_3_71686_22768_1_12.56,None_RB4,,-1,Pass,,,RB4,0,1,0.0,0,1,,
2507901449011_1_225_4_68845_23810_2_15.25,FB4_None,,0,Pass,,FB4,,0,0,0.0,0,0,,
2507901449011_1_230_5_72499_21276_0_14.33,FB5_RB6,,0,Pass,,FB5,RB6,0,0,0.0,0,0,,
2507901449011_1_233_3_72249_22084_1_11.74,Unknown,,0.0,NoValidLayout,,,,0.0,0.0,0.0,0.0,0.0,,
2507901449011_1_244_5_72823_21631_1_14.90,FB5_None,,-2,Pass,,FB5,,0,2,0.0,0,2,,
2507901449011_1_246_4_73664_20716_2_15.65,None_RB8,,0,Pass,,,RB8,0,0,0.0,0,0,,
2507901449011_1_256_4_73772_18907_0_12.83,None_RB6,,0,Pass,,,RB6,0,0,0.0,0,0,,
2507901449011_1_3_3_74102_23643_1_14.49,Unknown,,0.0,NoValidLayout,,,,0.0,0.0,0.0,0.0,0.0,,
2507901449011_1_7_6_74348_22265_2_13.39,FB5_RB5,,0,Pass,,FB5,RB5,0,0,0.0,0,0,,
2507901449011_1_15_3_73487_23280_2_15.35,FB5_None,,0,Pass,,FB5,,0,0,0.0,0,0,,
2507901449011_1_19_3_73415_22942_0_13.07,FB10_None,,-1,Pass,,FB10,,0,1,0.0,0,1,,
2507901449011_1_24_3_72768_18500_2_14.05,Unknown,,0.0,NoMatches,,,,0.0,0.0,0.0,0.0,0.0,,
2507901449011_1_51_3_79367_19809_1_11.38,None_RB4,,0,Pass,,,RB4,0,0,0.0,0,0,,
2507901449011_1_57_6_73060_22280_1_12.47,Unknown,,0.0,NoValidLayout,,,,0.0,0.0,0.0,0.0,0.0,,
2507901449011_1_71_4_75023_24348_3_11.99,FB10_None,,0,Pass,,FB10,,0,0,0.0,0,0,,
2507901449011_1_92_4_71466_23563_1_16.67,None_RB5,,0,Pass,,,RB5,0,0,0.0,0,0,,
2507901449011_1_105_2_60356_37791_2_13.06,FB1_RB1,,0,Pass,,FB1,RB1,0,0,0.0,0,0,,
2507901449011_1_116_3_78276_16793_2_10.03,Unknown,,0.0,NoValidLayout,,,,0.0,0.0,0.0,0.0,0.0,,
2507901449011_1_136_3_79439_19890_1_13.91,FB7_None,,-3,Pass,,FB7,,0,3,0.0,0,3,,
2507901449011_1_155_5_72406_23097_2_13.94,FB1_RB2,,0,Pass,,FB1,RB2,0,0,0.0,0,0,,
2507901449011_1_163_3_76635_20121_3_10.93,FB4_None,,0,Pass,,FB4,,0,0,0.0,0,0,,
2507901449011_1_165_4_76502_21083_1_13.98,FB5_None,,-2,Pass,,FB5,,0,2,0.0,0,2,,
2507901449011_1_179_4_74302_21499_2_16.37,None_RB2,,0,Pass,,,RB2,0,0,0.0,0,0,,
2507901449011_1_183_3_75815_19722_1_11.00,FB10_None,,0,Pass,,FB10,,0,0,0.0,0,0,,
2507901449011_1_189_4_75813_20625_1_15.80,FB7_None,,0,Pass,,FB7,,0,0,0.0,0,0,,
2507901449011_1_199_3_72749_23516_2_17.01,FB4_None,,-3,Pass,,FB4,,0,3,0.0,0,3,,
2507901449011_1_204_3_75214_22206_1_10.63,None_RB2,,-1,Pass,,,RB2,0,1,0.0,0,1,,
2507901449011_1_210_5_77174_20078_0_15.98,FB5_None,,0,Pass,,FB5,,0,0,0.0,0,0,,
2507901449011_1_216_4_79865_18491_1_15.93,None_RB1,,0,Pass,,,RB1,0,0,0.0,0,0,,
2507901449011_1_220_4_68936_26294_1_18.34,None_RB5,,0,Pass,,,RB5,0,0,0.0,0,0,,
2507901449011_1_221_3_25992_71980_1_7.44,None_RB6,,-1,Pass,,,RB6,0,1,0.0,0,1,,
2507901449011_1_223_4_77425_21785_2_14.09,None_RB2,,0,Pass,,,RB2,0,0,0.0,0,0,,
2507901449011_1_226_5_90456_9340_1_14.32,Unknown,,0.0,NoMatches,,,,0.0,0.0,0.0,0.0,0.0,,
2507901449011_1_232_3_78558_20543_1_14.22,FB1_None,,0,Pass,,FB1,,0,0,0.0,0,0,,
2507901449011_1_238_3_73627_23969_3_9.76,None_RB1,,0,Pass,,,RB1,0,0,0.0,0,0,,
2507901449011_1_239_4_77668_18068_1_14.40,None_RB5,,0,Pass,,,RB5,0,0,0.0,0,0,,
2507901449011_1_253_5_74324_22772_1_13.06,None_RB4,,0,Pass,,,RB4,0,0,0.0,0,0,,
2507901449011_1_43_6_79956_21382_1_13.70,FB1_None,,0,Pass,,FB1,,0,0,0.0,0,0,,
2507901449011_1_53_3_92688_12167_2_12.49,FB5_None,,0,Pass,,FB5,,0,0,0.0,0,0,,
2507901449011_1_61_5_79275_24786_1_10.82,None_RB4,,0,Pass,,,RB4,0,0,0.0,0,0,,
2507901449011_1_62_3_77863_22237_1_12.73,FB1_None,,0,Pass,,FB1,,0,0,0.0,0,0,,
2507901449011_1_65_5_81161_20946_2_15.05,None_RB1,,0,Pass,,,RB1,0,0,0.0,0,0,,
2507901449011_1_69_4_83813_19220_1_14.37,None_RB4,,0,Pass,,,RB4,0,0,0.0,0,0,,
2507901449011_1_147_4_80119_23890_3_12.88,Unknown,,0.0,NoValidLayout,,,,0.0,0.0,0.0,0.0,0.0,,
2507901449011_1_195_3_84523_20434_1_12.07,FB4_None,,0,Pass,,FB4,,0,0,0.0,0,0,,
2507901449011_1_198_4_84033_18042_1_10.14,FB7_None,,-2,Pass,,FB7,,0,2,0.0,0,2,,
2507901449011_1_209_4_81558_23204_3_17.05,FB2_None,,0,Pass,,FB2,,0,0,0.0,0,0,,
2507901449011_1_215_4_80918_20444_3_15.91,FB2_None,,0,Pass,,FB2,,0,0,0.0,0,0,,
2507901449011_1_218_3_78920_24204_0_18.94,FB1_None,,0,Pass,,FB1,,0,0,0.0,0,0,,
2507901449011_1_231_4_75126_27175_2_17.39,FB4_None,,0,Pass,,FB4,,0,0,0.0,0,0,,
2507901449011_1_250_5_84199_20084_2_15.61,None_RB1,,0,Pass,,,RB1,0,0,0.0,0,0,,
2507901449011_1_37_6_86096_22993_0_12.45,FB10_None,,0,Pass,,FB10,,0,0,0.0,0,0,,
2507901449011_1_59_4_77096_28712_3_9.39,None_RB8,,0,Pass,,,RB8,0,0,0.0,0,0,,
2507901449011_1_77_4_90850_19009_1_14.58,None_RB6,,0,Pass,,,RB6,0,0,0.0,0,0,,
2507901449011_1_90_3_90341_18752_1_11.11,FB5_None,,-3,Pass,,FB5,,0,3,0.0,0,3,,
2507901449011_1_132_7_88756_20005_1_10.87,None_RB5,,0,Pass,,,RB5,0,0,0.0,0,0,,
2507901449011_1_138_4_85584_22576_0_13.76,FB5_RB6,,0,Pass,,FB5,RB6,0,0,0.0,0,0,,
2507901449011_1_139_6_100873_5020_2_8.47,FB4_None,,-2,Pass,,FB4,,0,2,0.0,0,2,,
2507901449011_1_145_5_86875_20273_2_14.97,FB10_None,,0,Pass,,FB10,,0,0,0.0,0,0,,
2507901449011_1_149_4_61051_47442_2_11.20,None_RB8,,0,Pass,,,RB8,0,0,0.0,0,0,,
2507901449011_1_159_4_86153_22649_2_12.51,FB7_None,,0,Pass,,FB7,,0,0,0.0,0,0,,
2507901449011_1_160_4_87962_20932_0_13.58,FB1_None,,0,Pass,,FB1,,0,0,0.0,0,0,,
2507901449011_1_168_5_83073_23191_1_14.04,None_RB4,,0,Pass,,,RB4,0,0,0.0,0,0,,
2507901449011_1_175_5_84129_22672_1_11.28,Unknown,,0.0,NoValidLayout,,,,0.0,0.0,0.0,0.0,0.0,,
2507901449011_1_187_4_77385_28170_1_10.79,FB5_None,,-1,Pass,,FB5,,0,1,0.0,0,1,,
2507901449011_1_190_4_85126_23689_3_11.16,Unknown,,0.0,NoValidLayout,,,,0.0,0.0,0.0,0.0,0.0,,
2507901449011_1_219_4_86538_22077_1_14.62,None_RB8,,-1,Pass,,,RB8,0,1,0.0,0,1,,
2507901449011_1_249_5_82228_24376_1_15.20,None_RB2,,0,Pass,,,RB2,0,0,0.0,0,0,,
2507901449011_1_13_4_94532_20032_2_12.49,None_RB7,,-2,Pass,,,RB7,0,2,0.0,0,2,,
2507901449011_1_29_4_88752_21626_0_14.39,FB4_None,,0,Pass,,FB4,,0,0,0.0,0,0,,
2507901449011_1_40_5_87876_23683_0_15.06,Unknown,,0.0,NoValidLayout,,,,0.0,0.0,0.0,0.0,0.0,,
2507901449011_1_55_5_88619_23328_1_13.06,FB5_None,,-2,Pass,,FB5,,0,2,0.0,0,2,,
2507901449011_1_72_4_85239_27372_1_8.33,Unknown,,0.0,NoMatches,,,,0.0,0.0,0.0,0.0,0.0,,
2507901449011_1_75_3_92552_20628_1_15.33,FB5_None,,0,Pass,,FB5,,0,0,0.0,0,0,,
2507901449011_1_81_4_91432_21144_1_12.66,None_RB4,,-1,Pass,,,RB4,0,1,0.0,0,1,,
2507901449011_1_82_5_91506_18500_1_15.53,Unknown,,0.0,NoMatches,,,,0.0,0.0,0.0,0.0,0.0,,
2507901449011_1_84_6_93870_19006_1_11.66,FB10_None,,0,Pass,,FB10,,0,0,0.0,0,0,,
2507901449011_1_118_4_91164_20412_1_14.85,FB10_None,,0,Pass,,FB10,,0,0,0.0,0,0,,
2507901449011_1_123_6_89400_22533_1_14.70,FB1_None,,0,Pass,,FB1,,0,0,0.0,0,0,,
2507901449011_1_142_5_88803_23030_2_13.06,FB4_None,,0,Pass,,FB4,,0,0,0.0,0,0,,
2507901449011_1_146_5_89329_22512_2_15.73,None_RB8,,0,Pass,,,RB8,0,0,0.0,0,0,,
2507901449011_1_150_7_89182_20944_1_12.74,None_RB7,,-1,Pass,,,RB7,0,1,0.0,0,1,,
2507901449011_1_171_8_90413_22635_1_12.21,FB1_None,,0,Pass,,FB1,,0,0,0.0,0,0,,
2507901449011_1_174_8_87864_23828_1_8.01,Unknown,,0.0,NoMatches,,,,0.0,0.0,0.0,0.0,0.0,,
2507901449011_1_186_11_104779_7190_1_15.15,Unknown,,0.0,NoValidLayout,,,,0.0,0.0,0.0,0.0,0.0,,
2507901449011_1_188_5_90252_22111_1_15.31,FB8_None,,-1,Pass,,FB8,,0,1,0.0,0,1,,
2507901449011_1_205_6_88883_22693_1_13.99,FB5_None,,0,Pass,,FB5,,0,0,0.0,0,0,,
2507901449011_1_226_6_106432_7970_1_13.24,FB5_None,,0,Pass,,FB5,,0,0,0.0,0,0,,
2507901449011_1_235_8_89357_24427_1_9.06,Unknown,,0.0,NoMatches,,,,0.0,0.0,0.0,0.0,0.0,,
2507901449011_1_242_4_88908_21440_3_15.98,FB4_None,,0,Pass,,FB4,,0,0,0.0,0,0,,
2507901449011_1_243_3_85364_28283_1_10.26,FB1_None,,-1,Pass,,FB1,,0,1,0.0,0,1,,
2507901449011_1_253_6_97581_15730_1_10.54,None_RB1,,-2,Pass,,,RB1,0,2,0.0,0,2,,
2507901449011_1_255_4_88614_21583_0_11.55,Unknown,,0.0,NoValidLayout,,,,0.0,0.0,0.0,0.0,0.0,,
2507901449011_1_28_7_104192_15269_1_10.18,Unknown,,0.0,NoValidLayout,,,,0.0,0.0,0.0,0.0,0.0,,
2507901449011_1_35_6_95119_21188_2_14.16,None_RB4,,0,Pass,,,RB4,0,0,0.0,0,0,,
2507901449011_1_49_4_91678_23985_1_15.09,None_RB6,,0,Pass,,,RB6,0,0,0.0,0,0,,
2507901449011_1_64_6_90344_26179_0_13.88,None_RB4,,0,Pass,,,RB4,0,0,0.0,0,0,,
2507901449011_1_74_7_97551_20198_3_10.16,FB2_RB2,,0,Pass,,FB2,RB2,0,0,0.0,0,0,,
2507901449011_1_79_5_99646_20273_3_13.94,FB10_None,,0,Pass,,FB10,,0,0,0.0,0,0,,
2507901449011_1_83_6_98026_21257_2_11.03,None_RB7,,-1,Pass,,,RB7,0,1,0.0,0,1,,
2507901449011_1_89_5_97840_21529_1_12.53,None_RB7,,0,Pass,,,RB7,0,0,0.0,0,0,,
2507901449011_1_108_5_96862_20499_1_14.15,None_RB2,,0,Pass,,,RB2,0,0,0.0,0,0,,
2507901449011_1_119_4_97515_14000_1_8.75,Unknown,,0.0,NoMatches,,,,0.0,0.0,0.0,0.0,0.0,,
2507901449011_1_124_6_97203_19836_1_8.90,Unknown,,0.0,NoValidLayout,,,,0.0,0.0,0.0,0.0,0.0,,
2507901449011_1_129_4_96535_22761_1_11.19,None_RB8,,0,Pass,,,RB8,0,0,0.0,0,0,,
2507901449011_1_133_5_92405_25074_2_18.58,None_RB4,,-2,Pass,,,RB4,0,2,0.0,0,2,,
2507901449011_1_155_6_95529_21038_2_15.39,None_RB8,,0,Pass,,,RB8,0,0,0.0,0,0,,
2507901449011_1_160_5_109340_8497_0_10.63,Unknown,,0.0,NoValidLayout,,,,0.0,0.0,0.0,0.0,0.0,,
2507901449011_1_164_4_98343_20422_1_15.29,None_RB8,,0,Pass,,,RB8,0,0,0.0,0,0,,
2507901449011_1_181_3_98770_20685_1_12.64,FB10_None,,-3,Pass,,FB10,,0,3,0.0,0,3,,
2507901449011_1_184_4_91336_26445_1_13.19,None_RB2,,0,Pass,,,RB2,0,0,0.0,0,0,,
2507901449011_1_199_4_101027_16124_2_11.31,Unknown,,0.0,NoValidLayout,,,,0.0,0.0,0.0,0.0,0.0,,
2507901449011_1_204_4_97589_20889_1_10.98,FB10_None,,-3,Pass,,FB10,,0,3,0.0,0,3,,
2507901449011_1_216_5_99023_20213_1_14.61,None_RB4,,0,Pass,,,RB4,0,0,0.0,0,0,,
2507901449011_1_220_5_96125_21337_1_16.96,None_RB8,,0,Pass,,,RB8,0,0,0.0,0,0,,
2507901449011_1_221_4_105160_14014_1_7.71,Unknown,,0.0,NoValidLayout,,,,0.0,0.0,0.0,0.0,0.0,,
2507901449011_1_227_4_88781_26864_2_12.67,FB7_None,,-2,Pass,,FB7,,0,2,0.0,0,2,,
2507901449011_1_234_3_88407_27804_1_10.20,Unknown,,0.0,NoValidLayout,,,,0.0,0.0,0.0,0.0,0.0,,
2507901449011_1_246_5_97414_19235_2_13.10,None_RB4,,0,Pass,,,RB4,0,0,0.0,0,0,,
2507901449011_1_3_4_99795_20776_1_14.41,None_RB8,,0,Pass,,,RB8,0,0,0.0,0,0,,
2507901449011_1_12_5_95231_29134_2_11.79,FB7_None,,-1,Pass,,FB7,,0,1,0.0,0,1,,
2507901449011_1_22_6_99342_21365_1_12.25,FB5_None,,-2,Pass,,FB5,,0,2,0.0,0,2,,
2507901449011_1_25_5_95111_28973_2_9.94,FB10_None,,0,Pass,,FB10,,0,0,0.0,0,0,,
2507901449011_1_41_5_118340_5951_2_9.58,FB10_None,,0,Pass,,FB10,,0,0,0.0,0,0,,
2507901449011_1_50_4_94730_29448_0_13.78,FB1_None,,0,Pass,,FB1,,0,0,0.0,0,0,,
2507901449011_1_57_7_99805_18500_1_15.39,FB2_None,,0,Pass,,FB2,,0,0,0.0,0,0,,
2507901449011_1_91_5_101635_21995_1_14.23,None_RB4,,-1,Pass,,,RB4,0,1,0.0,0,1,,
2507901449011_1_97_6_99953_23265_2_13.37,FB1_None,,0,Pass,,FB1,,0,0,0.0,0,0,,
2507901449011_1_104_6_100458_21487_1_9.52,None_RB1,,-1,Pass,,,RB1,0,1,0.0,0,1,,
2507901449011_1_106_6_102314_22588_3_14.55,None_RB4,,0,Pass,,,RB4,0,0,0.0,0,0,,
2507901449011_1_114_5_95923_24847_1_17.22,None_RB8,,0,Pass,,,RB8,0,0,0.0,0,0,,
2507901449011_1_120_6_102047_22266_1_13.31,None_RB2,,0,Pass,,,RB2,0,0,0.0,0,0,,
2507901449011_1_122_5_116350_7369_1_10.24,FB1_None,,-2,Pass,,FB1,,0,2,0.0,0,2,,
2507901449011_1_125_4_101992_20078_3_11.37,FB5_None,,0,Pass,,FB5,,0,0,0.0,0,0,,
2507901449011_1_161_6_101808_20731_1_12.85,FB4_None,,-1,Pass,,FB4,,0,1,0.0,0,1,,
2507901449011_1_165_5_100602_20113_1_15.11,FB7_None,,-1,Pass,,FB7,,0,1,0.0,0,1,,
2507901449011_1_166_6_84005_40717_2_14.16,None_RB4,,0,Pass,,,RB4,0,0,0.0,0,0,,
2507901449011_1_178_4_104139_20426_3_15.17,FB7_None,,-2,Pass,,FB7,,0,2,0.0,0,2,,
2507901449011_1_186_12_111991_11494_1_15.18,None_RB2,,0,Pass,,,RB2,0,0,0.0,0,0,,
2507901449011_1_196_4_100013_20348_1_14.27,FB2_None,,0,Pass,,FB2,,0,0,0.0,0,0,,
2507901449011_1_197_7_101792_22378_0_13.40,None_RB8,,0,Pass,,,RB8,0,0,0.0,0,0,,
2507901449011_1_208_5_89792_31478_0_10.00,None_RB3,,0,Pass,,,RB3,0,0,0.0,0,0,,
2507901449011_1_211_6_91276_30598_2_15.68,FB10_None,,0,Pass,,FB10,,0,0,0.0,0,0,,
2507901449011_1_218_4_103528_21345_0_17.36,None_RB7,,-3,Pass,,,RB7,0,3,0.0,0,3,,
2507901449011_1_230_7_98572_23209_0_15.52,None_RB8,,0,Pass,,,RB8,0,0,0.0,0,0,,
2507901449011_1_232_4_103320_19627_1_15.41,FB7_RB8,,0,Pass,,FB7,RB8,0,0,0.0,0,0,,
2507901449011_1_245_4_98647_22268_2_16.33,FB4_None,,0,Pass,,FB4,,0,0,0.0,0,0,,
2507901449011_1_247_5_96961_23918_2_14.98,Unknown,,0.0,NoValidLayout,,,,0.0,0.0,0.0,0.0,0.0,,
2507901449011_1_9_6_121067_6246_0_8.57,Unknown,,0.0,NoValidLayout,,,,0.0,0.0,0.0,0.0,0.0,,
2507901449011_1_36_4_105334_20690_0_13.04,FB1_None,,-1,Pass,,FB1,,0,1,0.0,0,1,,
2507901449011_1_47_6_112905_15903_1_10.72,FB5_None,,0,Pass,,FB5,,0,0,0.0,0,0,,
2507901449011_1_51_4_105303_20333_1_10.41,FB7_None,,-3,Pass,,FB7,,0,3,0.0,0,3,,
2507901449011_1_62_4_107819_20082_1_13.06,None_RB7,,0,Pass,,,RB7,0,0,0.0,0,0,,
2507901449011_1_88_4_101073_25964_2_10.14,FB10_None,,-1,Pass,,FB10,,0,1,0.0,0,1,,
2507901449011_1_93_6_107079_20748_1_14.19,None_RB3,,-2,Pass,,,RB3,0,2,0.0,0,2,,
2507901449011_1_101_6_103011_24032_3_13.04,FB5_None,,0,Pass,,FB5,,0,0,0.0,0,0,,
2507901449011_1_103_4_104080_23635_1_8.10,Unknown,,0.0,NoValidLayout,,,,0.0,0.0,0.0,0.0,0.0,,
2507901449011_1_105_3_105994_20851_2_13.54,None_RB8,,0,Pass,,,RB8,0,0,0.0,0,0,,
2507901449011_1_116_4_95198_34282_2_8.26,Unknown,,0.0,NoValidLayout,,,,0.0,0.0,0.0,0.0,0.0,,
2507901449011_1_136_4_102665_23476_1_14.75,FB4_None,,-1,Pass,,FB4,,0,1,0.0,0,1,,
2507901449011_1_147_5_110500_19464_3_14.27,FB2_None,,-2,Pass,,FB2,,0,2,0.0,0,2,,
2507901449011_1_148_5_106543_21252_2_14.82,None_RB3,,0,Pass,,,RB3,0,0,0.0,0,0,,
2507901449011_1_167_4_98899_28317_2_11.85,FB10_None,,0,Pass,,FB10,,0,0,0.0,0,0,,
2507901449011_1_179_6_106219_20349_2_13.93,FB1_None,,0,Pass,,FB1,,0,0,0.0,0,0,,
2507901449011_1_202_6_106298_23057_1_9.71,FB1_None,,-2,Pass,,FB1,,0,2,0.0,0,2,,
2507901449011_1_203_6_108784_18475_1_14.55,None_RB4,,-1,Pass,,,RB4,0,1,0.0,0,1,,
2507901449011_1_213_3_89022_38206_1_15.76,FB5_None,,0,Pass,,FB5,,0,0,0.0,0,0,,
2507901449011_1_214_5_104008_23026_0_12.31,FB1_None,,-1,Pass,,FB1,,0,1,0.0,0,1,,
2507901449011_1_222_7_121014_5053_1_9.84,None_RB3,,0,Pass,,,RB3,0,0,0.0,0,0,,
2507901449011_1_223_5_104351_23553_2_14.45,None_RB1,,0,Pass,,,RB1,0,0,0.0,0,0,,
2507901449011_1_225_5_105148_23510_2_15.14,None_RB8,,0,Pass,,,RB8,0,0,0.0,0,0,,
2507901449011_1_236_3_91226_34450_1_14.92,None_RB7,,0,Pass,,,RB7,0,0,0.0,0,0,,
2507901449011_1_248_6_106569_21501_3_15.22,None_RB8,,0,Pass,,,RB8,0,0,0.0,0,0,,
2507901449011_1_249_6_107377_22383_1_16.31,FB5_None,,0,Pass,,FB5,,0,0,0.0,0,0,,
2507901449011_1_254_6_105847_21854_1_13.94,FB5_None,,0,Pass,,FB5,,0,0,0.0,0,0,,
2507901449011_1_15_7_111285_19548_2_12.64,FB10_None,,0,Pass,,FB10,,0,0,0.0,0,0,,
2507901449011_1_52_5_106491_25465_0_15.41,None_RB5,,0,Pass,,,RB5,0,0,0.0,0,0,,
2507901449011_1_132_8_111261_21613_1_12.09,None_RB8,,0,Pass,,,RB8,0,0,0.0,0,0,,
2507901449011_1_139_7_110618_20311_2_15.70,None_RB5,,-2,Pass,,,RB5,0,2,0.0,0,2,,
2507901449011_1_166_7_126373_7939_2_14.25,None_RB8,,0,Pass,,,RB8,0,0,0.0,0,0,,
2507901449011_1_171_9_113731_21239_1_13.81,None_RB4,,0,Pass,,,RB4,0,0,0.0,0,0,,
2507901449011_1_172_5_108431_26052_3_16.32,None_RB4,,0,Pass,,,RB4,0,0,0.0,0,0,,
2507901449011_1_175_6_111124_23150_1_11.84,None_RB8,,0,Pass,,,RB8,0,0,0.0,0,0,,
2507901449011_1_177_4_112065_21886_2_13.44,FB7_None,,0,Pass,,FB7,,0,0,0.0,0,0,,
2507901449011_1_180_2_127014_6291_1_9.64,FB4_None,,-2,Pass,,FB4,,0,2,0.0,0,2,,
2507901449011_1_183_4_108488_26251_1_10.59,FB10_None,,0,Pass,,FB10,,0,0,0.0,0,0,,
2507901449011_1_186_13_124650_6059_1_7.64,FB5_None,,-1,Pass,,FB5,,0,1,0.0,0,1,,
2507901449011_1_193_7_114357_18485_3_12.72,None_RB7,,-3,Pass,,,RB7,0,3,0.0,0,3,,
2507901449011_1_198_6_111689_22474_1_12.19,None_RB8,,-2,Pass,,,RB8,0,2,0.0,0,2,,
2507901449011_1_201_5_108297_22010_1_12.31,Unknown,,0.0,NoValidLayout,,,,0.0,0.0,0.0,0.0,0.0,,
2507901449011_1_219_5_110945_24045_1_16.10,None_RB7,,0,Pass,,,RB7,0,0,0.0,0,0,,
2507901449011_1_242_5_110672_18500_3_7.96,Unknown,,0.0,NoMatches,,,,0.0,0.0,0.0,0.0,0.0,,
2507901449011_1_10_4_117179_21454_2_14.02,None_RB4,,0,Pass,,,RB4,0,0,0.0,0,0,,
2507901449011_1_20_6_113304_26324_1_9.03,FB1_None,,-1,Pass,,FB1,,0,1,0.0,0,1,,
2507901449011_1_26_5_117240_22623_1_14.94,None_RB3,,0,Pass,,,RB3,0,0,0.0,0,0,,
2507901449011_1_29_5_119184_20562_0_13.06,None_RB1,,-1,Pass,,,RB1,0,1,0.0,0,1,,
2507901449011_1_34_4_114344_23000_1_14.40,FB4_None,,0,Pass,,FB4,,0,0,0.0,0,0,,
2507901449011_1_37_7_116528_19347_0_13.16,None_RB7,,0,Pass,,,RB7,0,0,0.0,0,0,,
2507901449011_1_53_4_112379_27351_2_13.60,None_RB6,,0,Pass,,,RB6,0,0,0.0,0,0,,
2507901449011_1_55_7_114891_18500_1_13.40,Unknown,,0.0,NoValidLayout,,,,0.0,0.0,0.0,0.0,0.0,,
2507901449011_1_58_6_117796_21372_3_13.83,FB5_None,,-2,Pass,,FB5,,0,2,0.0,0,2,,
2507901449011_1_65_6_108469_28878_2_15.46,None_RB5,,0,Pass,,,RB5,0,0,0.0,0,0,,
2507901449011_1_67_3_111367_27146_1_13.49,None_RB7,,-3,Pass,,,RB7,0,3,0.0,0,3,,
2507901449011_1_69_5_117665_21213_1_15.00,None_RB8,,0,Pass,,,RB8,0,0,0.0,0,0,,
2507901449011_1_84_7_116372_18500_1_12.43,FB7_None,,0,Pass,,FB7,,0,0,0.0,0,0,,
2507901449011_1_117_5_113711_21483_2_12.79,FB2_None,,0,Pass,,FB2,,0,0,0.0,0,0,,
2507901449011_1_123_7_114259_23000_1_15.66,FB7_None,,0,Pass,,FB7,,0,0,0.0,0,0,,
2507901449011_1_155_7_116706_22654_2_16.06,FB1_None,,0,Pass,,FB1,,0,0,0.0,0,0,,
2507901449011_1_160_6_117896_20542_0_13.65,None_RB8,,0,Pass,,,RB8,0,0,0.0,0,0,,
2507901449011_1_168_6_114915_23304_1_13.09,Unknown,,0.0,NoValidLayout,,,,0.0,0.0,0.0,0.0,0.0,,
2507901449011_1_188_6_117421_21328_1_15.16,None_RB7,,-2,Pass,,,RB7,0,2,0.0,0,2,,
2507901449011_1_226_7_114947_20066_1_14.27,None_RB1,,0,Pass,,,RB1,0,0,0.0,0,0,,
2507901449011_1_229_5_117013_19222_1_14.38,FB1_None,,0,Pass,,FB1,,0,0,0.0,0,0,,
2507901449011_1_250_7_116181_18500_2_17.85,FB4_None,,0,Pass,,FB4,,0,0,0.0,0,0,,
2507901449011_1_1_7_117087_25805_3_12.28,None_RB4,,0,Pass,,,RB4,0,0,0.0,0,0,,
2507901449011_1_35_7_120611_19825_2_15.40,None_RB7,,-1,Pass,,,RB7,0,1,0.0,0,1,,
2507901449011_1_40_7_117337_23000_0_12.13,FB7_None,,-1,Pass,,FB7,,0,1,0.0,0,1,,
2507901449011_1_45_5_119691_21078_2_11.97,FB10_None,,0,Pass,,FB10,,0,0,0.0,0,0,,
2507901449011_1_49_5_120823_20823_1_13.11,FB4_None,,-2,Pass,,FB4,,0,2,0.0,0,2,,
2507901449011_1_64_7_120753_22903_0_13.28,FB7_None,,0,Pass,,FB7,,0,0,0.0,0,0,,
2507901449011_1_75_4_120261_23256_1_12.74,FB10_None,,0,Pass,,FB10,,0,0,0.0,0,0,,
2507901449011_1_95_6_119915_22756_0_9.14,Unknown,,0.0,NoValidLayout,,,,0.0,0.0,0.0,0.0,0.0,,
2507901449011_1_119_5_121203_21494_1_9.89,FB4_None,,-2,Pass,,FB4,,0,2,0.0,0,2,,
2507901449011_1_126_7_115667_26809_1_13.09,None_RB4,,0,Pass,,,RB4,0,0,0.0,0,0,,
2507901449011_1_131_5_122349_21260_1_10.20,FB2_None,,-1,Pass,,FB2,,0,1,0.0,0,1,,
2507901449011_1_138_6_117361_18500_0_15.97,None_RB8,,0,Pass,,,RB8,0,0,0.0,0,0,,
2507901449011_1_143_8_120792_23516_1_11.71,None_RB1,,0,Pass,,,RB1,0,0,0.0,0,0,,
2507901449011_1_151_6_120673_21309_1_13.22,None_RB6,,0,Pass,,,RB6,0,0,0.0,0,0,,
2507901449011_1_173_5_127415_17320_3_10.04,None_RB6,,-1,Pass,,,RB6,0,1,0.0,0,1,,
2507901449011_1_184_5_121785_19743_1_13.94,None_RB8,,0,Pass,,,RB8,0,0,0.0,0,0,,
2507901449011_1_190_5_119597_21898_3_10.74,FB7_None,,0,Pass,,FB7,,0,0,0.0,0,0,,
2507901449011_1_199_6_123890_18991_2_15.30,None_RB4,,0,Pass,,,RB4,0,0,0.0,0,0,,
2507901449011_1_206_4_119445_21301_1_14.12,FB5_None,,0,Pass,,FB5,,0,0,0.0,0,0,,
2507901449011_1_210_6_120777_18500_0_14.22,FB10_None,,-2,Pass,,FB10,,0,2,0.0,0,2,,
2507901449011_1_216_6_119370_25303_1_15.73,None_RB8,,0,Pass,,,RB8,0,0,0.0,0,0,,
2507901449011_1_227_5_118880_21306_2_13.12,FB7_None,,0,Pass,,FB7,,0,0,0.0,0,0,,
2507901449011_1_24_4_124584_24297_2_11.48,None_RB4,,-3,Pass,,,RB4,0,3,0.0,0,3,,
2507901449011_1_43_8_113914_35921_1_9.48,None_RB8,,0,Pass,,,RB8,0,0,0.0,0,0,,
2507901449011_1_59_6_129274_17998_3_13.13,None_RB5,,-2,Pass,,,RB5,0,2,0.0,0,2,,
2507901449011_1_61_6_109516_39235_1_9.69,FB4_None,,-3,Pass,,FB4,,0,3,0.0,0,3,,
2507901449011_1_83_8_123319_21738_2_11.94,None_RB6,,-2,Pass,,,RB6,0,2,0.0,0,2,,
2507901449011_1_90_4_126999_21813_1_11.62,None_RB8,,-2,Pass,,,RB8,0,2,0.0,0,2,,
2507901449011_1_91_6_125885_23000_1_14.88,None_RB8,,-3,Pass,,,RB8,0,3,0.0,0,3,,
2507901449011_1_99_5_123838_21181_1_15.34,None_RB7,,0,Pass,,,RB7,0,0,0.0,0,0,,
2507901449011_1_106_7_127288_21418_3_15.22,FB1_None,,0,Pass,,FB1,,0,0,0.0,0,0,,
2507901449011_1_108_6_123577_21905_1_12.85,FB7_None,,0,Pass,,FB7,,0,0,0.0,0,0,,
2507901449011_1_120_7_126699_22601_1_14.04,None_RB6,,0,Pass,,,RB6,0,0,0.0,0,0,,
2507901449011_1_125_5_126654_22496_3_13.50,FB10_None,,0,Pass,,FB10,,0,0,0.0,0,0,,
2507901449011_1_129_6_128635_20299_1_12.18,None_RB4,,0,Pass,,,RB4,0,0,0.0,0,0,,
2507901449011_1_136_5_128031_18818_1_13.43,FB5_None,,0,Pass,,FB5,,0,0,0.0,0,0,,
2507901449011_1_146_7_125433_20367_2_14.08,None_RB8,,-2,Pass,,,RB8,0,2,0.0,0,2,,
2507901449011_1_159_6_137619_10180_2_13.09,Unknown,,0.0,NoMatches,,,,0.0,0.0,0.0,0.0,0.0,,
2507901449011_1_179_7_128735_20252_2_15.78,FB1_None,,0,Pass,,FB1,,0,0,0.0,0,0,,
2507901449011_1_196_5_128884_20529_1_14.17,None_RB2,,0,Pass,,,RB2,0,0,0.0,0,0,,
2507901449011_1_204_5_119425_26583_1_11.50,FB4_RB6,,0,Pass,,FB4,RB6,0,0,0.0,0,0,,
2507901449011_1_205_8_126776_20687_1_14.52,FB1_None,,0,Pass,,FB1,,0,0,0.0,0,0,,
2507901449011_1_220_8_144421_5487_1_11.60,None_RB8,,0,Pass,,,RB8,0,0,0.0,0,0,,
2507901449011_1_221_5_122025_23923_1_8.08,None_RB4,,-3,Pass,,,RB4,0,3,0.0,0,3,,
2507901449011_1_230_8_122860_22154_0_13.95,FB10_None,,-1,Pass,,FB10,,0,1,0.0,0,1,,
2507901449011_1_232_5_129640_14000_1_14.01,None_RB8,,-1,Pass,,,RB8,0,1,0.0,0,1,,
2507901449011_1_234_4_119129_28565_1_9.21,Unknown,,0.0,NoMatches,,,,0.0,0.0,0.0,0.0,0.0,,
2507901449011_1_245_5_125360_20051_2_15.27,None_RB5,,0,Pass,,,RB5,0,0,0.0,0,0,,
2507901449011_1_249_8_142532_5260_1_12.17,None_RB4,,-3,Pass,,,RB4,0,3,0.0,0,3,,
2507901449011_1_21_7_129896_20832_2_12.18,None_RB1,,0,Pass,,,RB1,0,0,0.0,0,0,,
2507901449011_1_26_6_144796_6242_1_11.26,FB4_None,,0,Pass,,FB4,,0,0,0.0,0,0,,
2507901449011_1_32_3_112228_39754_0_11.25,FB10_None,,-1,Pass,,FB10,,0,1,0.0,0,1,,
2507901449011_1_51_5_133873_19937_1_11.16,FB5_None,,0,Pass,,FB5,,0,0,0.0,0,0,,
2507901449011_1_88_6_131212_21563_2_13.94,FB7_None,,0,Pass,,FB7,,0,0,0.0,0,0,,
2507901449011_1_93_7_130177_21763_1_12.99,FB4_None,,0,Pass,,FB4,,0,0,0.0,0,0,,
2507901449011_1_98_5_98614_52996_1_8.16,FB5_None,,0,Pass,,FB5,,0,0,0.0,0,0,,
2507901449011_1_104_7_145984_8240_1_8.15,Unknown,,0.0,NoValidLayout,,,,0.0,0.0,0.0,0.0,0.0,,
2507901449011_1_116_5_133324_20008_2_10.94,None_RB4,,0,Pass,,,RB4,0,0,0.0,0,0,,
2507901449011_1_122_7_130639_22686_1_14.16,None_RB4,,0,Pass,,,RB4,0,0,0.0,0,0,,
2507901449011_1_124_8_130198_20584_1_12.06,None_RB1,,-3,Pass,,,RB1,0,3,0.0,0,3,,
2507901449011_1_130_5_130443_19726_2_12.86,None_RB4,,-1,Pass,,,RB4,0,1,0.0,0,1,,
2507901449011_1_148_6_130461_22754_2_14.76,FB4_RB5,,0,Pass,,FB4,RB5,0,0,0.0,0,0,,
2507901449011_1_151_7_148289_5711_1_13.13,Unknown,,0.0,NoValidLayout,,,,0.0,0.0,0.0,0.0,0.0,,
2507901449011_1_163_5_131120_19872_3_10.03,None_RB4,,0,Pass,,,RB4,0,0,0.0,0,0,,
2507901449011_1_165_7_130628_19574_1_12.87,None_RB2,,0,Pass,,,RB2,0,0,0.0,0,0,,
2507901449011_1_192_5_125470_29217_1_12.07,FB10_None,,-1,Pass,,FB10,,0,1,0.0,0,1,,
2507901449011_1_211_8_143681_7154_2_10.12,None_RB3,,0,Pass,,,RB3,0,0,0.0,0,0,,
2507901449011_1_213_5_134894_18711_1_16.51,FB7_None,,0,Pass,,FB7,,0,0,0.0,0,0,,
2507901449011_1_215_6_130647_23780_3_17.44,FB10_None,,0,Pass,,FB10,,0,0,0.0,0,0,,
2507901449011_1_225_6_130839_21365_2_12.09,None_RB4,,0,Pass,,,RB4,0,0,0.0,0,0,,
2507901449011_1_248_7_132317_21006_3_14.33,FB10_None,,0,Pass,,FB10,,0,0,0.0,0,0,,
2507901449011_1_250_8_143371_9199_2_10.99,FB4_None,,0,Pass,,FB4,,0,0,0.0,0,0,,
2507901449011_1_15_8_138290_20746_2_11.76,None_RB2,,0,Pass,,,RB2,0,0,0.0,0,0,,
2507901449011_1_25_7_136126_22745_2_12.48,FB1_None,,0,Pass,,FB1,,0,0,0.0,0,0,,
2507901449011_1_56_5_132109_24406_1_13.53,Unknown,,0.0,NoValidLayout,,,,0.0,0.0,0.0,0.0,0.0,,
2507901449011_1_62_6_137091_20525_1_12.72,None_RB6,,0,Pass,,,RB6,0,0,0.0,0,0,,
2507901449011_1_103_5_137387_21144_1_8.51,FB5_None,,-2,Pass,,FB5,,0,2,0.0,0,2,,
2507901449011_1_133_7_137546_21783_2_15.20,FB10_None,,0,Pass,,FB10,,0,0,0.0,0,0,,
2507901449011_1_150_8_134482_21380_1_14.42,FB10_None,,0,Pass,,FB10,,0,0,0.0,0,0,,
2507901449011_1_164_6_146166_10612_1_11.43,FB5_None,,0,Pass,,FB5,,0,0,0.0,0,0,,
2507901449011_1_166_8_134717_20634_2_13.57,None_RB8,,-1,Pass,,,RB8,0,1,0.0,0,1,,
2507901449011_1_178_5_128648_27812_3_11.05,Unknown,,0.0,NoValidLayout,,,,0.0,0.0,0.0,0.0,0.0,,
2507901449011_1_179_8_149030_10504_2_13.63,None_RB8,,0,Pass,,,RB8,0,0,0.0,0,0,,
2507901449011_1_200_3_102332_53053_2_9.58,Unknown,,0.0,NoValidLayout,,,,0.0,0.0,0.0,0.0,0.0,,
2507901449011_1_201_6_133737_22323_1_10.81,FB1_None,,0,Pass,,FB1,,0,0,0.0,0,0,,
2507901449011_1_202_7_136030_22259_1_8.80,None_RB8,,0,Pass,,,RB8,0,0,0.0,0,0,,
2507901449011_1_203_7_138494_21464_1_15.66,None_RB2,,-2,Pass,,,RB2,0,2,0.0,0,2,,
2507901449011_1_253_8_138176_20690_1_15.54,FB4_None,,0,Pass,,FB4,,0,0,0.0,0,0,,
2507901449011_1_254_7_127801_27593_1_13.09,None_RB4,,0,Pass,,,RB4,0,0,0.0,0,0,,
2507901449011_1_13_5_135768_28384_2_10.78,FB5_None,,-3,Pass,,FB5,,0,3,0.0,0,3,,
2507901449011_1_22_7_121137_36500_1_15.64,None_RB1,,-3,Pass,,,RB1,0,3,0.0,0,3,,
2507901449011_1_28_9_139109_22445_1_12.47,FB7_None,,0,Pass,,FB7,,0,0,0.0,0,0,,
2507901449011_1_29_6_141200_20480_0_12.86,None_RB8,,-3,Pass,,,RB8,0,3,0.0,0,3,,
2507901449011_1_36_5_136559_23454_0_10.57,FB4_None,,0,Pass,,FB4,,0,0,0.0,0,0,,
2507901449011_1_52_7_140115_21887_0_12.93,FB10_None,,0,Pass,,FB10,,0,0,0.0,0,0,,
2507901449011_1_55_8_140250_23470_1_13.97,FB4_None,,0,Pass,,FB4,,0,0,0.0,0,0,,
2507901449011_1_92_6_138257_23452_1_16.27,FB7_None,,0,Pass,,FB7,,0,0,0.0,0,0,,
2507901449011_1_118_6_142833_19780_1_16.11,FB7_None,,0,Pass,,FB7,,0,0,0.0,0,0,,
2507901449011_1_126_8_143531_20758_1_14.30,None_RB2,,0,Pass,,,RB2,0,0,0.0,0,0,,
2507901449011_1_132_9_143437_20331_1_12.29,Unknown,,0.0,NoMatches,,,,0.0,0.0,0.0,0.0,0.0,,
2507901449011_1_168_7_142154_20469_1_13.51,FB4_None,,0,Pass,,FB4,,0,0,0.0,0,0,,
2507901449011_1_172_6_141906_22854_3_16.76,FB4_RB4,,0,Pass,,FB4,RB4,0,0,0.0,0,0,,
2507901449011_1_183_5_140089_24137_1_8.98,None_RB2,,0,Pass,,,RB2,0,0,0.0,0,0,,
2507901449011_1_193_9_141394_18500_3_12.13,None_RB4,,0,Pass,,,RB4,0,0,0.0,0,0,,
2507901449011_1_208_8_140842_19732_0_12.92,FB5_None,,0,Pass,,FB5,,0,0,0.0,0,0,,
2507901449011_1_210_8_144510_20382_0_13.04,FB1_None,,0,Pass,,FB1,,0,0,0.0,0,0,,
2507901449011_1_214_6_138167_22572_0_12.94,FB4_None,,0,Pass,,FB4,,0,0,0.0,0,0,,
2507901449011_1_230_9_148839_15905_0_16.01,Unknown,,0.0,NoMatches,,,,0.0,0.0,0.0,0.0,0.0,,
2507901449011_1_242_6_143698_19192_3_16.13,FB1_None,,0,Pass,,FB1,,0,0,0.0,0,0,,
2507901449011_1_10_6_146981_22263_2_12.32,FB7_None,,0,Pass,,FB7,,0,0,0.0,0,0,,
2507901449011_1_35_9_143947_25664_2_12.44,FB4_None,,0,Pass,,FB4,,0,0,0.0,0,0,,
2507901449011_1_40_9_146445_20938_0_11.13,FB4_None,,0,Pass,,FB4,,0,0,0.0,0,0,,
2507901449011_1_53_5_146661_21524_2_14.61,None_RB4,,-2,Pass,,,RB4,0,2,0.0,0,2,,
2507901449011_1_68_11_147602_21124_1_16.35,FB1_None,,0,Pass,,FB1,,0,0,0.0,0,0,,
2507901449011_1_74_11_136918_31255_3_7.84,Unknown,,0.0,NoMatches,,,,0.0,0.0,0.0,0.0,0.0,,
2507901449011_1_98_6_159610_8129_1_15.49,FB1_None,,0,Pass,,FB1,,0,0,0.0,0,0,,
2507901449011_1_102_3_147083_18500_1_14.04,FB1_None,,0,Pass,,FB1,,0,0,0.0,0,0,,
2507901449011_1_131_6_144614_22379_1_9.10,None_RB8,,-3,Pass,,,RB8,0,3,0.0,0,3,,
2507901449011_1_138_7_144691_23024_0_14.15,None_RB4,,0,Pass,,,RB4,0,0,0.0,0,0,,
2507901449011_1_141_11_138798_28653_1_10.22,None_RB4,,-2,Pass,,,RB4,0,2,0.0,0,2,,
2507901449011_1_146_8_147819_21415_2_15.42,FB4_None,,-2,Pass,,FB4,,0,2,0.0,0,2,,
2507901449011_1_154_7_156936_11718_1_8.64,Unknown,,0.0,NoMatches,,,,0.0,0.0,0.0,0.0,0.0,,
2507901449011_1_155_9_147292_22282_2_14.30,None_RB8,,0,Pass,,,RB8,0,0,0.0,0,0,,
2507901449011_1_159_7_148643_20823_2_14.33,FB1_None,,-1,Pass,,FB1,,0,1,0.0,0,1,,
2507901449011_1_160_8_145282_21836_0_10.64,None_RB4,,-1,Pass,,,RB4,0,1,0.0,0,1,,
2507901449011_1_167_5_144066_21906_2_12.02,FB7_None,,-3,Pass,,FB7,,0,3,0.0,0,3,,
2507901449011_1_180_3_141097_27500_1_14.14,FB7_None,,0,Pass,,FB7,,0,0,0.0,0,0,,
2507901449011_1_184_6_145475_21753_1_14.34,FB4_None,,0,Pass,,FB4,,0,0,0.0,0,0,,
2507901449011_1_197_8_141760_23703_0_12.90,FB4_None,,0,Pass,,FB4,,0,0,0.0,0,0,,
2507901449011_1_198_8_149717_20051_1_12.03,FB5_None,,-1,Pass,,FB5,,0,1,0.0,0,1,,
2507901449011_1_219_6_146508_18500_1_16.85,Unknown,,0.0,NoValidLayout,,,,0.0,0.0,0.0,0.0,0.0,,
2507901449011_1_220_9_159915_5526_1_17.33,None_RB8,,0,Pass,,,RB8,0,0,0.0,0,0,,
2507901449011_1_246_7_143875_23099_2_15.99,None_RB2,,0,Pass,,,RB2,0,0,0.0,0,0,,
2507901449011_1_18_8_154915_19164_1_13.03,None_RB8,,0,Pass,,,RB8,0,0,0.0,0,0,,
2507901449011_1_20_7_149005_24707_1_8.01,Unknown,,0.0,NoMatches,,,,0.0,0.0,0.0,0.0,0.0,,
2507901449011_1_27_4_153303_19374_2_10.45,Unknown,,0.0,NoValidLayout,,,,0.0,0.0,0.0,0.0,0.0,,
2507901449011_1_37_8_149762_20876_0_13.55,None_RB3,,-3,Pass,,,RB3,0,3,0.0,0,3,,
2507901449011_1_41_7_149261_24548_2_14.55,None_RB3,,0,Pass,,,RB3,0,0,0.0,0,0,,
2507901449011_1_48_5_151392_21001_0_12.28,FB2_None,,0,Pass,,FB2,,0,0,0.0,0,0,,
2507901449011_1_60_4_150678_21818_1_10.23,None_RB1,,0,Pass,,,RB1,0,0,0.0,0,0,,
2507901449011_1_63_6_149945_22788_2_12.60,FB10_None,,-3,Pass,,FB10,,0,3,0.0,0,3,,
2507901449011_1_71_6_145811_28663_3_14.18,FB5_RB5,,0,Pass,,FB5,RB5,0,0,0.0,0,0,,
2507901449011_1_80_4_150508_21769_0_13.47,FB1_RB2,,0,Pass,,FB1,RB2,0,0,0.0,0,0,,
2507901449011_1_94_8_152060_19647_2_14.08,Unknown,,0.0,NoValidLayout,,,,0.0,0.0,0.0,0.0,0.0,,
2507901449011_1_105_4_140207_32000_2_17.40,None_RB6,,-1,Pass,,,RB6,0,1,0.0,0,1,,
2507901449011_1_108_7_145704_25235_1_11.50,FB10_None,,0,Pass,,FB10,,0,0,0.0,0,0,,
2507901449011_1_120_8_150798_22567_1_13.96,None_RB4,,0,Pass,,,RB4,0,0,0.0,0,0,,
2507901449011_1_123_8_147170_26492_1_15.68,FB5_None,,-3,Pass,,FB5,,0,3,0.0,0,3,,
2507901449011_1_125_7_167144_5210_3_11.74,None_RB3,,0,Pass,,,RB3,0,0,0.0,0,0,,
2507901449011_1_145_9_151645_23000_2_13.93,FB1_RB1,,0,Pass,,FB1,RB1,0,0,0.0,0,0,,
2507901449011_1_148_7_153830_20570_2_17.15,None_RB2,,0,Pass,,,RB2,0,0,0.0,0,0,,
2507901449011_1_158_3_134376_39329_2_11.63,None_RB8,,0,Pass,,,RB8,0,0,0.0,0,0,,
2507901449011_1_187_6_151787_23082_1_10.85,None_RB2,,-1,Pass,,,RB2,0,1,0.0,0,1,,
2507901449011_1_195_5_154998_19379_1_9.44,Unknown,,0.0,NoMatches,,,,0.0,0.0,0.0,0.0,0.0,,
2507901449011_1_199_7_150419_20278_2_15.18,FB5_None,,0,Pass,,FB5,,0,0,0.0,0,0,,
2507901449011_1_209_6_147747_25555_3_16.23,None_RB4,,0,Pass,,,RB4,0,0,0.0,0,0,,
2507901449011_1_218_8_151294_22509_0_17.28,None_RB7,,0,Pass,,,RB7,0,0,0.0,0,0,,
2507901449011_1_225_7_152587_19863_2_16.21,FB5_None,,0,Pass,,FB5,,0,0,0.0,0,0,,
2507901449011_1_226_9_150893_21078_1_14.40,Unknown,,0.0,NoValidLayout,,,,0.0,0.0,0.0,0.0,0.0,,
2507901449011_1_250_9_154828_19940_2_17.88,None_RB3,,0,Pass,,,RB3,0,0,0.0,0,0,,
2507901449011_1_256_6_154370_19398_0_12.60,None_RB6,,0,Pass,,,RB6,0,0,0.0,0,0,,
2507901449011_1_11_3_158784_20120_1_11.40,Unknown,,0.0,NoMatches,,,,0.0,0.0,0.0,0.0,0.0,,
2507901449011_1_50_6_155609_22925_0_11.92,FB4_None,,0,Pass,,FB4,,0,0,0.0,0,0,,
2507901449011_1_57_10_155713_20360_1_13.54,FB10_None,,0,Pass,,FB10,,0,0,0.0,0,0,,
2507901449011_1_59_7_157438_19932_3_11.95,FB4_None,,0,Pass,,FB4,,0,0,0.0,0,0,,
2507901449011_1_64_9_150434_24593_0_14.50,FB4_None,,0,Pass,,FB4,,0,0,0.0,0,0,,
2507901449011_1_69_6_153005_22041_1_14.48,FB7_None,,0,Pass,,FB7,,0,0,0.0,0,0,,
2507901449011_1_75_5_154263_22711_1_15.28,None_RB4,,0,Pass,,,RB4,0,0,0.0,0,0,,
2507901449011_1_76_9_154931_20150_1_14.79,None_RB7,,-1,Pass,,,RB7,0,1,0.0,0,1,,
2507901449011_1_81_5_157541_21613_1_13.10,None_RB6,,-2,Pass,,,RB6,0,2,0.0,0,2,,
2507901449011_1_84_9_148904_29216_1_7.55,FB10_None,,-3,Pass,,FB10,,0,3,0.0,0,3,,
2507901449011_1_90_5_157608_21148_1_13.94,FB5_None,,0,Pass,,FB5,,0,0,0.0,0,0,,
2507901449011_1_114_6_153302_22063_1_14.42,FB5_None,,0,Pass,,FB5,,0,0,0.0,0,0,,
2507901449011_1_136_6_159098_20238_1_13.66,None_RB2,,0,Pass,,,RB2,0,0,0.0,0,0,,
2507901449011_1_143_10_153751_21781_1_11.91,Unknown,,0.0,NoValidLayout,,,,0.0,0.0,0.0,0.0,0.0,,
2507901449011_1_151_8_156875_21969_1_13.52,None_RB6,,0,Pass,,,RB6,0,0,0.0,0,0,,
2507901449011_1_165_8_155618_20228_1_14.19,FB7_None,,0,Pass,,FB7,,0,0,0.0,0,0,,
2507901449011_1_171_11_151041_25702_1_12.28,None_RB2,,0,Pass,,,RB2,0,0,0.0,0,0,,
2507901449011_1_177_7_154833_22964_2_12.05,None_RB6,,-1,Pass,,,RB6,0,1,0.0,0,1,,
2507901449011_1_186_18_167652_11090_1_16.58,Unknown,,0.0,NoMatches,,,,0.0,0.0,0.0,0.0,0.0,,
2507901449011_1_190_6_144814_30490_3_10.78,FB5_None,,0,Pass,,FB5,,0,0,0.0,0,0,,
2507901449011_1_204_6_154705_20896_1_10.56,FB7_None,,-1,Pass,,FB7,,0,1,0.0,0,1,,
2507901449011_1_213_6_157612_18500_1_14.46,None_RB7,,0,Pass,,,RB7,0,0,0.0,0,0,,
2507901449011_1_243_6_161768_15613_1_10.25,FB4_None,,0,Pass,,FB4,,0,0,0.0,0,0,,
2507901449011_1_248_8_157174_21116_3_16.07,FB7_None,,0,Pass,,FB7,,0,0,0.0,0,0,,
2507901449011_1_9_7_164539_17657_0_11.64,None_RB4,,-3,Pass,,,RB4,0,3,0.0,0,3,,
2507901449011_1_51_6_162077_18683_1_10.61,None_RB6,,-3,Pass,,,RB6,0,3,0.0,0,3,,
2507901449011_1_65_7_156368_27715_2_9.72,FB7_None,,0,Pass,,FB7,,0,0,0.0,0,0,,
2507901449011_1_79_6_161540_19252_3_11.78,None_RB7,,0,Pass,,,RB7,0,0,0.0,0,0,,
2507901449011_1_103_6_160527_21303_1_8.96,FB2_None,,0,Pass,,FB2,,0,0,0.0,0,0,,
2507901449011_1_119_6_159886_21286_1_9.82,FB7_None,,0,Pass,,FB7,,0,0,0.0,0,0,,
2507901449011_1_124_10_163131_21326_1_11.04,FB7_None,,-1,Pass,,FB7,,0,1,0.0,0,1,,
2507901449011_1_142_7_159400_22416_2_10.99,FB1_None,,0,Pass,,FB1,,0,0,0.0,0,0,,
2507901449011_1_161_9_154220_27500_1_12.40,FB4_None,,-3,Pass,,FB4,,0,3,0.0,0,3,,
2507901449011_1_173_7_168061_12168_3_11.44,Unknown,,0.0,NoValidLayout,,,,0.0,0.0,0.0,0.0,0.0,,
2507901449011_1_179_9_161652_22574_2_7.31,FB10_None,,-2,Pass,,FB10,,0,2,0.0,0,2,,
2507901449011_1_206_6_163388_21337_1_15.28,None_RB7,,0,Pass,,,RB7,0,0,0.0,0,0,,
2507901449011_1_216_9_164881_19047_1_15.96,FB7_None,,0,Pass,,FB7,,0,0,0.0,0,0,,
2507901449011_1_220_10_168096_12630_1_11.65,FB5_None,,0,Pass,,FB5,,0,0,0.0,0,0,,
2507901449011_1_229_6_137051_44856_1_11.87,FB10_None,,0,Pass,,FB10,,0,0,0.0,0,0,,
2507901449011_1_234_5_156397_26481_1_9.87,Unknown,,0.0,NoMatches,,,,0.0,0.0,0.0,0.0,0.0,,
2507901449011_1_13_6_164213_21612_2_10.48,Unknown,,0.0,NoValidLayout,,,,0.0,0.0,0.0,0.0,0.0,,
2507901449011_1_29_7_166616_21538_0_14.23,FB10_None,,0,Pass,,FB10,,0,0,0.0,0,0,,
2507901449011_1_36_6_168393_18842_0_11.98,FB7_None,,-1,Pass,,FB7,,0,1,0.0,0,1,,
2507901449011_1_52_9_167899_20754_0_12.64,FB7_None,,-1,Pass,,FB7,,0,1,0.0,0,1,,
2507901449011_1_71_7_182437_6498_3_9.51,FB10_None,,-2,Pass,,FB10,,0,2,0.0,0,2,,
2507901449011_1_89_7_164119_24198_1_9.92,FB1_None,,0,Pass,,FB1,,0,0,0.0,0,0,,
2507901449011_1_92_8_168363_20090_1_14.39,None_RB8,,0,Pass,,,RB8,0,0,0.0,0,0,,
2507901449011_1_101_8_165124_22116_3_13.88,FB7_None,,0,Pass,,FB7,,0,0,0.0,0,0,,
2507901449011_1_116_6_158342_28804_2_10.16,None_RB6,,-1,Pass,,,RB6,0,1,0.0,0,1,,
2507901449011_1_126_9_167030_21645_1_11.57,FB7_None,,-2,Pass,,FB7,,0,2,0.0,0,2,,
2507901449011_1_138_8_167821_21238_0_15.64,FB4_None,,0,Pass,,FB4,,0,0,0.0,0,0,,
2507901449011_1_150_9_167251_21190_1_14.35,None_RB2,,-1,Pass,,,RB2,0,1,0.0,0,1,,
2507901449011_1_156_6_179791_5419_1_13.94,FB4_None,,0,Pass,,FB4,,0,0,0.0,0,0,,
2507901449011_1_163_6_155524_27500_3_10.93,FB4_None,,0,Pass,,FB4,,0,0,0.0,0,0,,
2507901449011_1_174_11_163309_22174_1_8.05,FB10_None,,0,Pass,,FB10,,0,0,0.0,0,0,,
2507901449011_1_178_7_169048_19623_3_12.44,FB10_RB4,,0,Pass,,FB10,RB4,0,0,0.0,0,0,,
2507901449011_1_192_6_159253_29639_1_10.16,FB4_None,,-2,Pass,,FB4,,0,2,0.0,0,2,,
2507901449011_1_195_6_178528_7108_1_9.91,FB1_None,,0,Pass,,FB1,,0,0,0.0,0,0,,
2507901449011_1_203_8_160869_27836_1_13.08,FB2_None,,0,Pass,,FB2,,0,0,0.0,0,0,,
2507901449011_1_221_7_167256_22249_1_7.59,Unknown,,0.0,NoValidLayout,,,,0.0,0.0,0.0,0.0,0.0,,
2507901449011_1_223_9_159307_27008_2_15.01,None_RB4,,0,Pass,,,RB4,0,0,0.0,0,0,,
2507901449011_1_230_10_166821_22297_0_15.68,FB1_None,,0,Pass,,FB1,,0,0,0.0,0,0,,
2507901449011_1_238_6_166154_23514_3_9.33,FB10_None,,-2,Pass,,FB10,,0,2,0.0,0,2,,
2507901449011_1_242_7_163315_25039_3_16.00,None_RB6,,-1,Pass,,,RB6,0,1,0.0,0,1,,
2507901449011_1_244_9_183846_5754_1_15.60,FB5_None,,-2,Pass,,FB5,,0,2,0.0,0,2,,
2507901449011_1_24_6_171446_22285_2_14.60,FB1_None,,-1,Pass,,FB1,,0,1,0.0,0,1,,
2507901449011_1_32_4_167924_24430_0_10.01,FB5_RB5,,0,Pass,,FB5,RB5,0,0,0.0,0,0,,
2507901449011_1_35_10_169887_22198_2_14.14,FB5_None,,-3,Pass,,FB5,,0,3,0.0,0,3,,
2507901449011_1_53_6_170430_20646_2_13.14,None_RB7,,-2,Pass,,,RB7,0,2,0.0,0,2,,
2507901449011_1_60_5_173468_19070_1_10.93,FB10_None,,0,Pass,,FB10,,0,0,0.0,0,0,,
2507901449011_1_74_12_171508_22513_3_8.79,FB1_None,,-2,Pass,,FB1,,0,2,0.0,0,2,,
2507901449011_1_83_9_172690_21593_2_14.09,FB2_None,,-2,Pass,,FB2,,0,2,0.0,0,2,,
2507901449011_1_97_10_168907_21693_2_12.69,FB1_None,,-1,Pass,,FB1,,0,1,0.0,0,1,,
2507901449011_1_118_7_175228_18022_1_14.29,FB10_None,,0,Pass,,FB10,,0,0,0.0,0,0,,
2507901449011_1_131_7_172668_20840_1_10.64,FB1_None,,-1,Pass,,FB1,,0,1,0.0,0,1,,
2507901449011_1_132_10_170698_21147_1_11.00,None_RB8,,-3,Pass,,,RB8,0,3,0.0,0,3,,
2507901449011_1_155_10_170295_21982_2_14.16,None_RB2,,-1,Pass,,,RB2,0,1,0.0,0,1,,
2507901449011_1_184_8_171768_22906_1_13.85,None_RB8,,-1,Pass,,,RB8,0,1,0.0,0,1,,
2507901449011_1_198_9_170638_20386_1_12.04,None_RB2,,0,Pass,,,RB2,0,0,0.0,0,0,,
2507901449011_1_214_7_167700_24053_0_9.50,None_RB7,,-1,Pass,,,RB7,0,1,0.0,0,1,,
2507901449011_1_219_7_173120_21113_1_15.07,None_RB8,,0,Pass,,,RB8,0,0,0.0,0,0,,
2507901449011_1_246_8_168588_23295_2_15.26,None_RB2,,0,Pass,,,RB2,0,0,0.0,0,0,,
2507901449011_1_254_8_170696_23070_1_13.84,FB4_None,,0,Pass,,FB4,,0,0,0.0,0,0,,
2507901449011_1_27_5_175352_23214_2_13.28,FB1_None,,0,Pass,,FB1,,0,0,0.0,0,0,,
2507901449011_1_45_6_143005_55502_2_8.37,None_RB7,,-2,Pass,,,RB7,0,2,0.0,0,2,,
2507901449011_1_59_8_177468_19299_3_13.75,FB7_None,,-2,Pass,,FB7,,0,2,0.0,0,2,,
2507901449011_1_64_10_180231_17498_0_8.29,FB4_None,,-2,Pass,,FB4,,0,2,0.0,0,2,,
2507901449011_1_67_5_191938_5282_1_9.56,Unknown,,0.0,NoValidLayout,,,,0.0,0.0,0.0,0.0,0.0,,
2507901449011_1_68_12_179051_16801_1_14.28,None_RB7,,0,Pass,,,RB7,0,0,0.0,0,0,,
2507901449011_1_95_8_174053_22189_0_7.78,Unknown,,0.0,NoValidLayout,,,,0.0,0.0,0.0,0.0,0.0,,
2507901449011_1_99_6_175997_20414_1_13.20,None_RB8,,-2,Pass,,,RB8,0,2,0.0,0,2,,
2507901449011_1_125_8_173341_22071_3_13.14,FB7_None,,0,Pass,,FB7,,0,0,0.0,0,0,,
2507901449011_1_167_6_173333_22846_2_11.57,None_RB4,,0,Pass,,,RB4,0,0,0.0,0,0,,
2507901449011_1_168_8_176266_22054_1_14.03,FB4_None,,0,Pass,,FB4,,0,0,0.0,0,0,,
2507901449011_1_172_7_174387_23000_3_16.78,None_RB1,,0,Pass,,,RB1,0,0,0.0,0,0,,
2507901449011_1_175_9_176810_21447_1_11.53,None_RB2,,0,Pass,,,RB2,0,0,0.0,0,0,,
2507901449011_1_180_4_175220_22114_1_12.68,None_RB4,,-1,Pass,,,RB4,0,1,0.0,0,1,,
2507901449011_1_186_21_189641_5722_1_16.76,Unknown,,0.0,NoMatches,,,,0.0,0.0,0.0,0.0,0.0,,
2507901449011_1_200_4_166440_28811_2_8.27,None_RB2,,-1,Pass,,,RB2,0,1,0.0,0,1,,
2507901449011_1_228_6_174326_22437_1_9.99,None_RB2,,0,Pass,,,RB2,0,0,0.0,0,0,,
2507901449011_1_231_8_179795_20132_2_16.90,None_RB6,,0,Pass,,,RB6,0,0,0.0,0,0,,
2507901449011_1_9_8_197842_5914_0_9.45,FB7_None,,0,Pass,,FB7,,0,0,0.0,0,0,,
2507901449011_1_22_8_169546_31096_1_9.50,None_RB7,,-1,Pass,,,RB7,0,1,0.0,0,1,,
2507901449011_1_28_11_172520_27500_1_11.96,None_RB4,,-1,Pass,,,RB4,0,1,0.0,0,1,,
2507901449011_1_37_10_180497_22038_0_11.99,None_RB4,,0,Pass,,,RB4,0,0,0.0,0,0,,
2507901449011_1_41_8_181388_22721_2_13.40,None_RB1,,-1,Pass,,,RB1,0,1,0.0,0,1,,
2507901449011_1_49_7_194402_6347_1_8.86,Unknown,,0.0,NoValidLayout,,,,0.0,0.0,0.0,0.0,0.0,,
2507901449011_1_61_7_175883_25675_1_11.61,None_RB6,,0,Pass,,,RB6,0,0,0.0,0,0,,
2507901449011_1_79_7_192529_8045_3_8.92,FB7_None,,0,Pass,,FB7,,0,0,0.0,0,0,,
2507901449011_1_80_5_180766_22643_0_12.22,FB10_None,,-2,Pass,,FB10,,0,2,0.0,0,2,,
2507901449011_1_82_8_177072_27170_1_14.73,FB10_None,,0,Pass,,FB10,,0,0,0.0,0,0,,
2507901449011_1_86_9_175931_26214_2_7.78,FB7_None,,-3,Pass,,FB7,,0,3,0.0,0,3,,
2507901449011_1_90_6_181889_19052_1_15.80,FB4_None,,0,Pass,,FB4,,0,0,0.0,0,0,,
2507901449011_1_94_10_180689_21754_2_14.02,FB10_None,,-1,Pass,,FB10,,0,1,0.0,0,1,,
2507901449011_1_130_7_181787_21682_2_12.47,None_RB1,,0,Pass,,,RB1,0,0,0.0,0,0,,
2507901449011_1_145_10_176542_23484_2_12.45,FB7_RB8,,0,Pass,,FB7,RB8,0,0,0.0,0,0,,
2507901449011_1_149_7_176559_24336_2_11.46,FB1_None,,-1,Pass,,FB1,,0,1,0.0,0,1,,
2507901449011_1_171_12_181291_22540_1_12.53,None_RB8,,0,Pass,,,RB8,0,0,0.0,0,0,,
2507901449011_1_201_8_177139_22890_1_11.25,FB10_None,,-1,Pass,,FB10,,0,1,0.0,0,1,,
2507901449011_1_211_10_180452_21921_2_10.88,FB4_RB4,,0,Pass,,FB4,RB4,0,0,0.0,0,0,,
2507901449011_1_232_7_181215_18500_1_15.92,Unknown,,0.0,NoValidLayout,,,,0.0,0.0,0.0,0.0,0.0,,
2507901449011_1_235_12_174928_26199_1_10.86,FB5_None,,-2,Pass,,FB5,,0,2,0.0,0,2,,
2507901449011_1_256_9_193322_7221_0_9.37,FB10_None,,-2,Pass,,FB10,,0,2,0.0,0,2,,
2507901449011_1_13_7_188533_20794_2_11.53,None_RB8,,-3,Pass,,,RB8,0,3,0.0,0,3,,
2507901449011_1_15_9_185021_23924_2_16.17,None_RB6,,0,Pass,,,RB6,0,0,0.0,0,0,,
2507901449011_1_40_10_185791_19988_0_12.70,None_RB4,,0,Pass,,,RB4,0,0,0.0,0,0,,
2507901449011_1_72_7_180727_25047_1_8.78,None_RB6,,-1,Pass,,,RB6,0,1,0.0,0,1,,
2507901449011_1_75_6_181637_23942_1_11.08,FB1_None,,0,Pass,,FB1,,0,0,0.0,0,0,,
2507901449011_1_92_9_200530_5080_1_13.12,FB5_None,,-1,Pass,,FB5,,0,1,0.0,0,1,,
2507901449011_1_151_9_186607_21690_1_14.96,FB7_None,,0,Pass,,FB7,,0,0,0.0,0,0,,
2507901449011_1_154_8_180891_24763_1_12.44,FB1_None,,0,Pass,,FB1,,0,0,0.0,0,0,,
2507901449011_1_161_10_184203_21489_1_11.96,FB10_None,,-2,Pass,,FB10,,0,2,0.0,0,2,,
2507901449011_1_174_12_185778_20386_1_8.43,Unknown,,0.0,NoMatches,,,,0.0,0.0,0.0,0.0,0.0,,
2507901449011_1_186_22_195383_11546_1_15.37,Unknown,,0.0,NoValidLayout,,,,0.0,0.0,0.0,0.0,0.0,,
2507901449011_1_195_7_187493_21763_1_10.39,FB2_None,,0,Pass,,FB2,,0,0,0.0,0,0,,
2507901449011_1_204_7_181857_27200_1_9.47,None_RB8,,0,Pass,,,RB8,0,0,0.0,0,0,,
2507901449011_1_208_11_189342_20330_0_11.46,Unknown,,0.0,NoValidLayout,,,,0.0,0.0,0.0,0.0,0.0,,
2507901449011_1_210_9_183388_21854_0_14.40,None_RB6,,0,Pass,,,RB6,0,0,0.0,0,0,,
2507901449011_1_213_7_186143_23017_1_16.63,None_RB8,,-1,Pass,,,RB8,0,1,0.0,0,1,,
2507901449011_1_216_10_185872_19148_1_15.68,Unknown,,0.0,NoValidLayout,,,,0.0,0.0,0.0,0.0,0.0,,
2507901449011_1_220_11_187157_20348_1_15.59,Unknown,,0.0,NoValidLayout,,,,0.0,0.0,0.0,0.0,0.0,,
2507901449011_1_222_9_187731_19317_1_13.13,FB1_None,,0,Pass,,FB1,,0,0,0.0,0,0,,
2507901449011_1_226_11_184692_23358_1_14.92,FB4_None,,0,Pass,,FB4,,0,0,0.0,0,0,,
2507901449011_1_19_4_190433_20671_0_13.04,None_RB4,,-2,Pass,,,RB4,0,2,0.0,0,2,,
2507901449011_1_50_10_209239_5537_0_13.08,FB4_None,,-1,Pass,,FB4,,0,1,0.0,0,1,,
2507901449011_1_52_10_193170_19893_0_13.30,Unknown,,0.0,NoValidLayout,,,,0.0,0.0,0.0,0.0,0.0,,
2507901449011_1_57_12_193411_18500_1_14.35,None_RB4,,0,Pass,,,RB4,0,0,0.0,0,0,,
2507901449011_1_76_11_190382_21809_1_14.93,None_RB8,,0,Pass,,,RB8,0,0,0.0,0,0,,
2507901449011_1_94_11_203612_9060_2_10.78,None_RB6,,-1,Pass,,,RB6,0,1,0.0,0,1,,
2507901449011_1_116_7_187711_25270_2_13.32,FB10_None,,-3,Pass,,FB10,,0,3,0.0,0,3,,
2507901449011_1_120_10_191372_21651_1_12.57,FB5_None,,-2,Pass,,FB5,,0,2,0.0,0,2,,
2507901449011_1_126_10_191255_20260_1_12.92,None_RB4,,0,Pass,,,RB4,0,0,0.0,0,0,,
2507901449011_1_132_11_194983_16318_1_7.82,FB10_None,,-3,Pass,,FB10,,0,3,0.0,0,3,,
2507901449011_1_138_9_190570_21674_0_14.86,None_RB2,,0,Pass,,,RB2,0,0,0.0,0,0,,
2507901449011_1_147_8_189022_21244_3_16.15,Unknown,,0.0,NoValidLayout,,,,0.0,0.0,0.0,0.0,0.0,,
2507901449011_1_150_10_189178_20845_1_13.03,None_RB2,,-2,Pass,,,RB2,0,2,0.0,0,2,,
2507901449011_1_159_9_191610_21282_2_13.41,FB4_None,,0,Pass,,FB4,,0,0,0.0,0,0,,
2507901449011_1_163_7_193024_21955_3_15.64,FB4_None,,0,Pass,,FB4,,0,0,0.0,0,0,,
2507901449011_1_165_9_189877_22629_1_13.62,FB10_None,,-2,Pass,,FB10,,0,2,0.0,0,2,,
2507901449011_1_173_8_189791_20594_3_14.98,FB1_None,,0,Pass,,FB1,,0,0,0.0,0,0,,
2507901449011_1_177_8_188256_22492_2_12.86,None_RB4,,0,Pass,,,RB4,0,0,0.0,0,0,,
2507901449011_1_178_9_195193_19559_3_13.29,Unknown,,0.0,NoValidLayout,,,,0.0,0.0,0.0,0.0,0.0,,
2507901449011_1_242_8_190188_20106_3_16.94,FB7_None,,0,Pass,,FB7,,0,0,0.0,0,0,,
2507901449011_1_248_9_186177_26666_3_16.22,None_RB6,,0,Pass,,,RB6,0,0,0.0,0,0,,
2507901449011_1_250_10_185211_27841_2_13.32,FB10_None,,0,Pass,,FB10,,0,0,0.0,0,0,,
2507901449011_1_1_11_195256_23648_3_9.39,None_RB8,,-3,Pass,,,RB8,0,3,0.0,0,3,,
2507901449011_1_3_9_196019_19862_1_12.32,FB4_None,,0,Pass,,FB4,,0,0,0.0,0,0,,
2507901449011_1_12_8_198441_20830_2_11.98,Unknown,,0.0,NoValidLayout,,,,0.0,0.0,0.0,0.0,0.0,,
2507901449011_1_18_10_195339_20395_1_12.46,None_RB8,,0,Pass,,,RB8,0,0,0.0,0,0,,
2507901449011_1_32_5_195039_21321_0_11.82,None_RB8,,-1,Pass,,,RB8,0,1,0.0,0,1,,
2507901449011_1_35_11_193031_23971_2_12.49,FB1_None,,0,Pass,,FB1,,0,0,0.0,0,0,,
2507901449011_1_36_8_199954_19893_0_11.07,FB10_None,,-1,Pass,,FB10,,0,1,0.0,0,1,,
2507901449011_1_43_10_175636_42313_1_13.70,FB7_None,,0,Pass,,FB7,,0,0,0.0,0,0,,
2507901449011_1_51_8_189858_27194_1_9.07,None_RB8,,0,Pass,,,RB8,0,0,0.0,0,0,,
2507901449011_1_53_7_193279_22811_2_13.60,Unknown,,0.0,NoValidLayout,,,,0.0,0.0,0.0,0.0,0.0,,
2507901449011_1_60_6_198501_21123_1_10.88,FB10_None,,-3,Pass,,FB10,,0,3,0.0,0,3,,
2507901449011_1_65_8_194848_21594_2_13.30,FB5_None,,0,Pass,,FB5,,0,0,0.0,0,0,,
2507901449011_1_74_13_196593_18560_3_8.73,None_RB4,,0,Pass,,,RB4,0,0,0.0,0,0,,
2507901449011_1_82_9_209749_9468_1_9.43,FB10_None,,0,Pass,,FB10,,0,0,0.0,0,0,,
2507901449011_1_84_10_197923_18712_1_11.18,None_RB4,,0,Pass,,,RB4,0,0,0.0,0,0,,
2507901449011_1_101_9_194378_22682_3_14.31,FB10_None,,-1,Pass,,FB10,,0,1,0.0,0,1,,
2507901449011_1_105_5_196623_20661_2_13.48,None_RB6,,-1,Pass,,,RB6,0,1,0.0,0,1,,
2507901449011_1_124_13_196145_21357_1_12.28,FB1_RB1,,0,Pass,,FB1,RB1,0,0,0.0,0,0,,
2507901449011_1_126_11_211875_5391_1_11.29,Unknown,,0.0,NoValidLayout,,,,0.0,0.0,0.0,0.0,0.0,,
2507901449011_1_148_9_191706_27500_2_12.54,FB10_None,,0,Pass,,FB10,,0,0,0.0,0,0,,
2507901449011_1_160_10_187945_27528_0_13.52,FB7_None,,0,Pass,,FB7,,0,0,0.0,0,0,,
2507901449011_1_197_10_189505_30357_0_10.63,FB7_None,,0,Pass,,FB7,,0,0,0.0,0,0,,
2507901449011_1_200_5_197558_20353_2_13.33,None_RB4,,0,Pass,,,RB4,0,0,0.0,0,0,,
2507901449011_1_214_8_196811_22193_0_11.78,FB5_None,,-3,Pass,,FB5,,0,3,0.0,0,3,,
2507901449011_1_215_8_196006_21211_3_15.88,FB4_None,,0,Pass,,FB4,,0,0,0.0,0,0,,
2507901449011_1_223_11_196978_22258_2_15.08,FB10_None,,0,Pass,,FB10,,0,0,0.0,0,0,,
2507901449011_1_246_9_199004_20909_2_16.02,FB4_None,,0,Pass,,FB4,,0,0,0.0,0,0,,
2507901449011_1_20_9_197335_23636_1_8.62,FB1_None,,0,Pass,,FB1,,0,0,0.0,0,0,,
2507901449011_1_58_8_195788_26893_3_13.90,FB10_None,,0,Pass,,FB10,,0,0,0.0,0,0,,
2507901449011_1_79_8_201391_23220_3_13.28,FB7_None,,0,Pass,,FB7,,0,0,0.0,0,0,,
2507901449011_1_93_10_199292_18500_1_14.32,None_RB5,,0,Pass,,,RB5,0,0,0.0,0,0,,
2507901449011_1_97_12_202427_22015_2_13.42,FB1_None,,0,Pass,,FB1,,0,0,0.0,0,0,,
2507901449011_1_98_8_203223_18500_1_12.29,None_RB3,,-2,Pass,,,RB3,0,2,0.0,0,2,,
2507901449011_1_117_9_208470_13161_2_10.72,FB4_None,,0,Pass,,FB4,,0,0,0.0,0,0,,
2507901449011_1_123_11_201389_23079_1_15.92,None_RB7,,0,Pass,,,RB7,0,0,0.0,0,0,,
2507901449011_1_135_6_203140_20986_1_13.80,FB1_None,,0,Pass,,FB1,,0,0,0.0,0,0,,
2507901449011_1_142_8_192404_27910_2_11.98,FB4_None,,0,Pass,,FB4,,0,0,0.0,0,0,,
2507901449011_1_143_12_198865_24528_1_12.06,None_RB8,,-1,Pass,,,RB8,0,1,0.0,0,1,,
2507901449011_1_155_11_196092_26717_2_15.97,FB4_None,,0,Pass,,FB4,,0,0,0.0,0,0,,
2507901449011_1_184_10_199416_21200_1_12.98,None_RB8,,-1,Pass,,,RB8,0,1,0.0,0,1,,
2507901449011_1_187_7_176710_45683_1_11.10,FB10_None,,0,Pass,,FB10,,0,0,0.0,0,0,,
2507901449011_1_198_10_205524_19124_1_12.08,None_RB7,,-2,Pass,,,RB7,0,2,0.0,0,2,,
2507901449011_1_199_9_195692_27518_2_9.81,FB7_RB8,,0,Pass,,FB7,RB8,0,0,0.0,0,0,,
2507901449011_1_209_9_198655_25708_3_7.72,Unknown,,0.0,NoMatches,,,,0.0,0.0,0.0,0.0,0.0,,
2507901449011_1_221_8_201262_22127_1_7.57,FB1_None,,0,Pass,,FB1,,0,0,0.0,0,0,,
2507901449011_1_245_6_199321_22807_2_16.54,FB10_RB4,,0,Pass,,FB10,RB4,0,0,0.0,0,0,,
2507901449011_1_250_11_213144_9500_2_15.21,FB5_None,,-2,Pass,,FB5,,0,2,0.0,0,2,,
2507901449011_1_24_7_202966_23989_2_12.64,FB7_None,,0,Pass,,FB7,,0,0,0.0,0,0,,
2507901449011_1_26_9_203317_21888_1_15.24,FB5_None,,0,Pass,,FB5,,0,0,0.0,0,0,,
2507901449011_1_27_6_205063_23041_2_12.02,FB7_None,,0,Pass,,FB7,,0,0,0.0,0,0,,
2507901449011_1_28_12_207784_21509_1_14.02,None_RB7,,0,Pass,,,RB7,0,0,0.0,0,0,,
2507901449011_1_29_8_205891_22011_0_12.80,None_RB4,,0,Pass,,,RB4,0,0,0.0,0,0,,
2507901449011_1_45_7_207210_21639_2_11.82,FB7_None,,0,Pass,,FB7,,0,0,0.0,0,0,,
2507901449011_1_50_11_219318_9290_0_11.75,FB5_None,,0,Pass,,FB5,,0,0,0.0,0,0,,
2507901449011_1_56_7_205405_22591_1_15.64,FB1_None,,0,Pass,,FB1,,0,0,0.0,0,0,,
2507901449011_1_59_9_206073_20190_3_13.70,FB1_None,,0,Pass,,FB1,,0,0,0.0,0,0,,
2507901449011_1_68_13_198770_29061_1_14.06,None_RB5,,-1,Pass,,,RB5,0,1,0.0,0,1,,
2507901449011_1_69_7_204354_21241_1_14.21,Unknown,,0.0,NoValidLayout,,,,0.0,0.0,0.0,0.0,0.0,,
2507901449011_1_86_10_204269_24389_2_8.45,Unknown,,0.0,NoValidLayout,,,,0.0,0.0,0.0,0.0,0.0,,
2507901449011_1_158_7_203486_21931_2_13.69,FB4_None,,0,Pass,,FB4,,0,0,0.0,0,0,,
2507901449011_1_165_11_220464_7464_1_14.44,Unknown,,0.0,NoMatches,,,,0.0,0.0,0.0,0.0,0.0,,
2507901449011_1_172_8_203644_23000_3_15.57,Unknown,,0.0,NoValidLayout,,,,0.0,0.0,0.0,0.0,0.0,,
2507901449011_1_175_11_223118_5733_1_9.59,FB10_None,,-2,Pass,,FB10,,0,2,0.0,0,2,,
2507901449011_1_181_6_210149_18462_1_13.00,None_RB1,,0,Pass,,,RB1,0,0,0.0,0,0,,
2507901449011_1_197_11_219936_5362_0_9.45,FB8_None,,-1,Pass,,FB8,,0,1,0.0,0,1,,
2507901449011_1_205_14_205851_20984_1_15.11,FB4_None,,0,Pass,,FB4,,0,0,0.0,0,0,,
2507901449011_1_208_12_210099_19681_0_13.47,None_RB5,,-3,Pass,,,RB5,0,3,0.0,0,3,,
2507901449011_1_210_10_209004_19710_0_14.76,FB4_RB6,,0,Pass,,FB4,RB6,0,0,0.0,0,0,,
2507901449011_1_216_11_205308_19793_1_15.79,FB7_None,,0,Pass,,FB7,,0,0,0.0,0,0,,
2507901449011_1_222_10_207359_20386_1_12.46,FB4_None,,0,Pass,,FB4,,0,0,0.0,0,0,,
2507901449011_1_227_8_198585_27619_2_15.59,None_RB4,,0,Pass,,,RB4,0,0,0.0,0,0,,
2507901449011_1_231_9_204606_25164_2_15.16,FB2_None,,0,Pass,,FB2,,0,0,0.0,0,0,,
2507901449011_1_22_10_209059_21001_1_12.95,FB7_None,,0,Pass,,FB7,,0,0,0.0,0,0,,
2507901449011_1_37_11_209136_24270_0_11.36,None_RB5,,0,Pass,,,RB5,0,0,0.0,0,0,,
2507901449011_1_67_6_209399_24715_1_11.89,None_RB4,,-2,Pass,,,RB4,0,2,0.0,0,2,,
2507901449011_1_88_9_208046_21970_2_14.67,FB1_None,,-2,Pass,,FB1,,0,2,0.0,0,2,,
2507901449011_1_118_8_212145_19301_1_14.08,None_RB4,,-1,Pass,,,RB4,0,1,0.0,0,1,,
2507901449011_1_125_10_212749_22189_3_14.17,FB10_None,,-2,Pass,,FB10,,0,2,0.0,0,2,,
2507901449011_1_151_10_210380_20470_1_13.39,FB4_None,,0,Pass,,FB4,,0,0,0.0,0,0,,
